teixit,volta,longitud_total,num_tokens_atomics,num_macros,prof_max,frac_outlier,tokens_desconeguts,num_blocks_verticals,sum_n_voltes_verticals,max_n_voltes_verticals,max_seq_len_vertical,frac_verticals,dist_cosinus_volta_anterior,z_salt_global,dist_centroide_teixit,z_intra_teixit,frac_C0,frac_C1,frac_C2,frac_C3,frac_C4,frac_C5,frac_C6,frac_C_RARE
CM_Pasión,1,3,3,0,0,0.0,0,0,0,0,0,0.0,,,0.315534,2.093785,0.0,0.666667,0.0,0.0,0.0,0.333333,0.0,0.0
CM_Pasión,3,5,5,0,0,0.0,0,0,0,0,0,0.0,0.254644,0.783881,0.078362,-0.534106,0.0,0.4,0.0,0.4,0.0,0.2,0.0,0.0
CM_Pasión,5,5,5,2,1,0.0,0,0,0,0,0,0.0,0.444444,1.911912,0.263461,1.51681,0.4,0.4,0.0,0.0,0.0,0.2,0.0,0.0
CM_Pasión,7,5,5,2,1,0.0,0,0,0,0,0,0.0,0.0,-0.729536,0.263461,1.51681,0.4,0.4,0.0,0.0,0.0,0.2,0.0,0.0
CM_Pasión,9,5,5,2,1,0.0,0,0,0,0,0,0.0,0.0,-0.729536,0.263461,1.51681,0.4,0.4,0.0,0.0,0.0,0.2,0.0,0.0
CM_Pasión,11,5,5,2,1,0.0,0,0,0,0,0,0.0,0.0,-0.729536,0.263461,1.51681,0.4,0.4,0.0,0.0,0.0,0.2,0.0,0.0
CM_Pasión,13,6,6,2,1,0.0,0,0,0,0,0,0.0,0.020042,-0.610421,0.223926,1.078758,0.333333,0.5,0.0,0.0,0.0,0.166667,0.0,0.0
CM_Pasión,15,6,6,1,1,0.0,0,0,0,0,0,0.0,0.408392,1.697645,0.113872,-0.140657,0.0,0.333333,0.0,0.333333,0.166667,0.166667,0.0,0.0
CM_Pasión,17,8,8,1,1,0.0,0,0,0,0,0,0.0,0.123541,0.004701,0.07495,-0.571908,0.125,0.25,0.0,0.5,0.0,0.125,0.0,0.0
CM_Pasión,19,8,8,3,1,0.0,0,0,0,0,0,0.0,0.19597,0.435166,0.108204,-0.203457,0.375,0.25,0.0,0.25,0.0,0.125,0.0,0.0
CM_Pasión,21,8,8,3,1,0.0,0,0,0,0,0,0.0,0.0,-0.729536,0.108204,-0.203457,0.375,0.25,0.0,0.25,0.0,0.125,0.0,0.0
CM_Pasión,23,8,8,3,1,0.0,0,0,0,0,0,0.0,0.0,-0.729536,0.108204,-0.203457,0.375,0.25,0.0,0.25,0.0,0.125,0.0,0.0
CM_Pasión,25,8,8,2,1,0.0,0,0,0,0,0,0.0,0.055556,-0.399352,0.042761,-0.928566,0.25,0.25,0.0,0.375,0.0,0.125,0.0,0.0
CM_Pasión,27,6,6,2,1,0.0,0,0,0,0,0,0.0,0.105572,-0.102093,0.106081,-0.226973,0.333333,0.333333,0.0,0.166667,0.0,0.166667,0.0,0.0
CM_Pasión,29,8,8,2,1,0.0,0,0,0,0,0,0.0,0.096304,-0.157176,0.236549,1.218625,0.25,0.5,0.0,0.0,0.0,0.25,0.0,0.0
CM_Pasión,31,8,8,1,1,0.0,0,0,0,0,0,0.0,0.564806,2.627255,0.139397,0.142168,0.0,0.25,0.0,0.5,0.125,0.125,0.0,0.0
CM_Pasión,33,8,8,3,1,0.0,0,0,0,0,0,0.0,0.202276,0.472644,0.069586,-0.631346,0.25,0.25,0.0,0.25,0.125,0.125,0.0,0.0
CM_Pasión,35,8,8,3,1,0.0,0,0,0,0,0,0.0,0.055089,-0.402127,0.108204,-0.203457,0.375,0.25,0.0,0.25,0.0,0.125,0.0,0.0
CM_Pasión,37,8,8,3,1,0.0,0,0,0,0,0,0.0,0.0,-0.729536,0.108204,-0.203457,0.375,0.25,0.0,0.25,0.0,0.125,0.0,0.0
CM_Pasión,39,8,8,3,1,0.0,0,0,0,0,0,0.0,0.0,-0.729536,0.108204,-0.203457,0.375,0.25,0.0,0.25,0.0,0.125,0.0,0.0
CM_Pasión,41,8,8,3,1,0.0,0,0,0,0,0,0.0,0.0,-0.729536,0.108204,-0.203457,0.375,0.25,0.0,0.25,0.0,0.125,0.0,0.0
CM_Pasión,43,8,8,2,1,0.0,0,0,0,0,0,0.0,0.055556,-0.399352,0.042761,-0.928566,0.25,0.25,0.0,0.375,0.0,0.125,0.0,0.0
CM_Pasión,45,9,8,2,1,0.0,0,0,0,0,0,0.0,0.374222,1.494564,0.221261,1.049235,0.222222,0.666667,0.0,0.0,0.0,0.111111,0.0,0.0
CM_Pasión,47,8,8,3,1,0.0,0,0,0,0,0,0.0,0.050526,-0.429246,0.227785,1.121513,0.375,0.5,0.0,0.0,0.0,0.125,0.0,0.0
CM_Pasión,49,12,12,2,1,0.0,0,0,0,0,0,0.0,0.140215,0.103799,0.032966,-1.0371,0.166667,0.5,0.0,0.25,0.0,0.083333,0.0,0.0
CM_Pasión,51,10,10,2,1,0.0,0,0,0,0,0,0.0,0.078365,-0.263792,0.035772,-1.006013,0.1,0.4,0.0,0.4,0.1,0.0,0.0,0.0
CM_Pasión,53,9,9,2,1,0.0,0,1,3,3,2,0.111111,0.043378,-0.471729,0.120054,-0.072153,0.0,0.333333,0.0,0.555556,0.111111,0.0,0.0,0.0
CM_Pasión,55,6,6,4,1,0.0,0,2,5,3,2,0.333333,0.072895,-0.296301,0.156315,0.329618,0.166667,0.166667,0.0,0.5,0.166667,0.0,0.0,0.0
CM_Pasión,57,6,6,3,1,0.0,0,2,7,4,2,0.333333,0.047421,-0.4477,0.245692,1.319925,0.0,0.166667,0.0,0.666667,0.166667,0.0,0.0,0.0
CM_Pasión,59,6,6,4,1,0.0,0,2,7,4,2,0.333333,0.047421,-0.4477,0.156315,0.329618,0.166667,0.166667,0.0,0.5,0.166667,0.0,0.0,0.0
CM_Pasión,61,6,6,3,1,0.0,0,2,9,5,2,0.333333,0.047421,-0.4477,0.174443,0.530484,0.166667,0.166667,0.0,0.666667,0.0,0.0,0.0,0.0
CM_Pasión,63,6,6,4,1,0.0,0,2,9,5,2,0.333333,0.055089,-0.402127,0.138111,0.127919,0.333333,0.166667,0.0,0.5,0.0,0.0,0.0,0.0
CM_Pasión,65,6,6,3,1,0.0,0,2,11,6,2,0.333333,0.055089,-0.402127,0.174443,0.530484,0.166667,0.166667,0.0,0.666667,0.0,0.0,0.0,0.0
CM_Pasión,67,6,6,4,1,0.0,0,2,11,6,2,0.333333,0.055089,-0.402127,0.138111,0.127919,0.333333,0.166667,0.0,0.5,0.0,0.0,0.0,0.0
CM_Pasión,69,6,6,2,1,0.0,0,2,13,7,2,0.333333,0.161372,0.229541,0.258644,1.463439,0.0,0.166667,0.0,0.833333,0.0,0.0,0.0,0.0
CM_Pasión,71,6,6,3,1,0.0,0,2,12,6,2,0.333333,0.108958,-0.081969,0.043332,-0.922248,0.166667,0.333333,0.0,0.5,0.0,0.0,0.0,0.0
CM_Pasión,73,8,8,2,1,0.0,0,2,13,7,2,0.25,0.108958,-0.081969,0.064431,-0.688467,0.0,0.5,0.0,0.375,0.0,0.125,0.0,0.0
CM_Pasión,75,13,13,6,1,0.0,0,4,11,3,2,0.307692,0.100894,-0.129896,0.074721,-0.574451,0.076923,0.307692,0.076923,0.461538,0.076923,0.0,0.0,0.0
CM_Pasión,77,14,13,6,1,0.0,0,4,8,2,2,0.285714,0.100654,-0.131322,0.065,-0.682163,0.071429,0.5,0.071429,0.285714,0.071429,0.0,0.0,0.0
CM_Pasión,79,11,11,5,1,0.0,0,3,6,2,2,0.272727,0.280524,0.937692,0.179418,0.585609,0.090909,0.181818,0.0,0.636364,0.090909,0.0,0.0,0.0
CM_Pasión,81,24,22,3,1,0.0,0,0,0,0,0,0.0,0.286301,0.972027,0.056177,-0.779919,0.083333,0.583333,0.0,0.333333,0.0,0.0,0.0,0.0
CM_Pasión,83,19,19,4,1,0.0,0,0,0,0,0,0.0,0.081238,-0.246717,0.030286,-1.066798,0.157895,0.368421,0.0,0.473684,0.0,0.0,0.0,0.0
CM_Pasión,85,16,14,3,1,0.0,0,0,0,0,0,0.0,0.194004,0.423481,0.121727,-0.053622,0.125,0.6875,0.0,0.1875,0.0,0.0,0.0,0.0
CM_Pasión,87,13,12,3,1,0.0,0,0,0,0,0,0.0,0.05683,-0.39178,0.235629,1.208434,0.153846,0.692308,0.0,0.0,0.0,0.153846,0.0,0.0
CM_Pasión,89,12,12,3,1,0.0,0,0,0,0,0,0.0,0.065122,-0.342498,0.276686,1.663347,0.166667,0.5,0.0,0.0,0.0,0.333333,0.0,0.0
CM_Pasión,91,7,6,3,2,0.0,0,2,4,2,11,0.285714,0.241824,0.707688,0.31313,2.067149,0.142857,0.571429,0.0,0.0,0.0,0.0,0.0,0.285714
CM_Pasión,93,16,15,4,2,0.0,0,1,3,3,8,0.0625,0.301154,1.060302,0.016867,-1.215475,0.1875,0.375,0.0,0.375,0.0,0.0,0.0,0.0625
CM_Pasión,95,18,17,1,2,0.0,0,1,3,3,12,0.055556,0.058644,-0.380999,0.079375,-0.522887,0.0,0.444444,0.0,0.5,0.0,0.0,0.0,0.055556
CM_Pasión,97,31,29,11,1,0.0,0,4,8,2,2,0.129032,0.099952,-0.135495,0.016512,-1.21941,0.225806,0.451613,0.0,0.322581,0.0,0.0,0.0,0.0
CM_Pasión,99,19,19,8,1,0.0,0,8,23,4,2,0.421053,0.420636,1.770415,0.345243,2.422968,0.0,0.052632,0.0,0.947368,0.0,0.0,0.0,0.0
CM_Pasión,101,17,16,6,2,0.0,0,4,9,3,14,0.235294,0.372055,1.481685,0.028837,-1.082853,0.117647,0.470588,0.0,0.352941,0.0,0.0,0.0,0.058824
CM_Pasión,103,15,15,2,2,0.0,0,1,2,2,7,0.066667,0.151632,0.171653,0.125579,-0.010938,0.066667,0.4,0.0,0.2,0.0,0.266667,0.0,0.066667
CM_Pasión,105,14,14,4,1,0.0,0,1,3,3,2,0.071429,0.232018,0.649408,0.020774,-1.172186,0.214286,0.357143,0.0,0.428571,0.0,0.0,0.0,0.0
CM_Pasión,107,9,9,3,1,0.0,0,1,3,3,2,0.111111,0.001232,-0.722213,0.028727,-1.084067,0.222222,0.333333,0.0,0.444444,0.0,0.0,0.0,0.0
CM_Pasión,109,9,9,3,1,0.0,0,1,3,3,2,0.111111,0.0,-0.729536,0.028727,-1.084067,0.222222,0.333333,0.0,0.444444,0.0,0.0,0.0,0.0
CM_Pasión,111,9,9,3,1,0.0,0,1,3,3,2,0.111111,0.0,-0.729536,0.028727,-1.084067,0.222222,0.333333,0.0,0.444444,0.0,0.0,0.0,0.0
CM_Pasión,113,13,13,4,1,0.0,0,1,3,3,2,0.076923,0.008806,-0.677199,0.013742,-1.250101,0.230769,0.384615,0.0,0.384615,0.0,0.0,0.0,0.0
CM_Pasión,115,9,9,3,1,0.0,0,1,3,3,2,0.111111,0.008806,-0.677199,0.028727,-1.084067,0.222222,0.333333,0.0,0.444444,0.0,0.0,0.0,0.0
CM_Pasión,117,18,18,4,1,0.0,0,1,3,3,2,0.055556,0.008088,-0.681466,0.020805,-1.171846,0.166667,0.388889,0.0,0.444444,0.0,0.0,0.0,0.0
CM_Pasión,119,11,11,3,1,0.0,0,2,6,3,2,0.181818,0.122743,-4.2e-05,0.147997,0.237461,0.090909,0.181818,0.0,0.545455,0.0,0.181818,0.0,0.0
CM_Pasión,121,22,18,3,1,0.0,0,2,7,4,2,0.090909,0.329631,1.229548,0.08611,-0.448261,0.045455,0.545455,0.045455,0.272727,0.0,0.0,0.045455,0.045455
CM_Pasión,123,13,13,5,1,0.0,0,3,9,3,2,0.230769,0.27749,0.91966,0.122588,-0.044083,0.153846,0.230769,0.0,0.615385,0.0,0.0,0.0,0.0
CM_Pasión,125,26,24,2,1,0.0,0,0,0,0,0,0.0,0.265588,0.848924,0.070907,-0.616711,0.076923,0.615385,0.0,0.307692,0.0,0.0,0.0,0.0
CM_Pasión,127,20,20,2,1,0.0,0,0,0,0,0,0.0,0.091325,-0.186767,0.042965,-0.926314,0.1,0.4,0.0,0.5,0.0,0.0,0.0,0.0
CM_Pasión,129,17,16,2,1,0.0,0,0,0,0,0,0.0,0.089761,-0.196062,0.057304,-0.76743,0.117647,0.588235,0.0,0.294118,0.0,0.0,0.0,0.0
CM_Pasión,131,19,18,4,1,0.0,0,0,0,0,0,0.0,0.039507,-0.494735,0.018405,-1.198436,0.210526,0.421053,0.0,0.315789,0.0,0.0,0.052632,0.0
CM_Pasión,133,9,8,2,1,0.0,0,0,0,0,0,0.0,0.14559,0.135744,0.18559,0.65399,0.111111,0.777778,0.0,0.111111,0.0,0.0,0.0,0.0
CM_Pasión,135,8,8,2,1,0.0,0,0,0,0,0,0.0,0.070104,-0.312889,0.296489,1.882762,0.0,0.75,0.0,0.0,0.0,0.25,0.0,0.0
CM_Angelines,5,4,4,1,1,0.0,0,1,4,4,2,0.25,,,0.247244,2.338247,0.0,0.25,0.0,0.5,0.0,0.25,0.0,0.0
CM_Angelines,7,4,4,1,1,0.0,0,1,2,2,4,0.25,0.0,-0.729536,0.247244,2.338247,0.0,0.25,0.0,0.5,0.0,0.25,0.0,0.0
CM_Angelines,11,5,4,1,1,0.0,0,0,0,0,0,0.0,0.591752,2.787402,0.117814,0.344118,0.0,1.0,0.0,0.0,0.0,0.0,0.0,0.0
CM_Angelines,13,5,4,1,1,0.0,0,0,0,0,0,0.0,0.0,-0.729536,0.117814,0.344118,0.0,1.0,0.0,0.0,0.0,0.0,0.0,0.0
CM_Angelines,15,5,4,1,1,0.0,0,0,0,0,0,0.0,0.0,-0.729536,0.117814,0.344118,0.0,1.0,0.0,0.0,0.0,0.0,0.0,0.0
CM_Angelines,17,7,6,2,1,0.0,0,0,0,0,0,0.0,0.071523,-0.304456,0.117391,0.337592,0.285714,0.714286,0.0,0.0,0.0,0.0,0.0,0.0
CM_Angelines,19,9,8,2,1,0.0,0,0,0,0,0,0.0,0.013975,-0.646478,0.056656,-0.598144,0.222222,0.666667,0.0,0.111111,0.0,0.0,0.0,0.0
CM_Angelines,21,16,16,5,1,0.0,0,0,0,0,0,0.0,0.11584,-0.041068,0.103203,0.119005,0.3125,0.375,0.0,0.25,0.0,0.0625,0.0,0.0
CM_Angelines,23,19,18,6,1,0.0,0,0,0,0,0,0.0,0.009956,-0.670364,0.145615,0.772439,0.315789,0.315789,0.052632,0.263158,0.0,0.052632,0.0,0.0
CM_Angelines,25,26,23,0,0,0.0,0,0,0,0,0,0.0,0.237314,0.680884,0.147359,0.799322,0.0,0.384615,0.0,0.538462,0.0,0.038462,0.0,0.038462
CM_Angelines,27,26,22,1,1,0.0,0,0,0,0,0,0.0,0.193168,0.418513,0.020686,-1.15234,0.038462,0.692308,0.0,0.230769,0.0,0.038462,0.0,0.0
CM_Angelines,29,22,22,5,1,0.0,0,0,0,0,0,0.0,0.083271,-0.234634,0.036813,-0.903867,0.227273,0.454545,0.0,0.272727,0.0,0.045455,0.0,0.0
CM_Angelines,31,28,24,5,1,0.0,0,0,0,0,0,0.0,0.098252,-0.145598,0.061528,-0.523084,0.178571,0.714286,0.0,0.071429,0.0,0.035714,0.0,0.0
CM_Angelines,33,34,34,4,1,0.0,0,0,0,0,0,0.0,0.329372,1.228009,0.136881,0.637877,0.117647,0.352941,0.0,0.5,0.0,0.029412,0.0,0.0
CM_Angelines,35,22,20,4,2,0.0,0,2,4,2,6,0.090909,0.178437,0.330962,0.010872,-1.303534,0.090909,0.636364,0.0,0.227273,0.0,0.045455,0.0,0.0
CM_Angelines,37,21,20,6,1,0.0,0,2,4,2,6,0.095238,0.037384,-0.507353,0.022716,-1.121061,0.190476,0.47619,0.0,0.285714,0.0,0.047619,0.0,0.0
CM_Angelines,39,15,14,2,1,0.0,0,2,6,3,6,0.133333,0.058805,-0.380042,0.040801,-0.842423,0.0,0.533333,0.0,0.4,0.0,0.066667,0.0,0.0
CM_Angelines,41,7,7,1,1,0.0,0,1,7,7,6,0.142857,0.018408,-0.620132,0.079262,-0.249858,0.0,0.428571,0.0,0.428571,0.0,0.142857,0.0,0.0
CM_Angelines,43,10,9,1,2,0.0,0,1,7,7,6,0.1,0.125853,0.018442,0.02878,-1.027637,0.0,0.7,0.0,0.2,0.0,0.1,0.0,0.0
CM_Angelines,45,9,9,3,1,0.0,0,1,7,7,6,0.111111,0.120368,-0.014157,0.061546,-0.522805,0.222222,0.444444,0.0,0.111111,0.0,0.111111,0.0,0.111111
CM_Angelines,47,4,4,1,1,0.0,0,0,0,0,0,0.0,0.148743,0.154483,0.187969,1.424988,0.0,0.5,0.0,0.0,0.0,0.25,0.0,0.25
CM_Angelines,49,4,4,1,1,0.0,0,0,0,0,0,0.0,0.0,-0.729536,0.187969,1.424988,0.0,0.5,0.0,0.0,0.0,0.25,0.0,0.25
CM_Angelines,51,4,4,1,1,0.0,0,0,0,0,0,0.0,0.0,-0.729536,0.187969,1.424988,0.0,0.5,0.0,0.0,0.0,0.25,0.0,0.25
CM_Angelines,53,9,9,1,1,0.0,0,1,9,9,6,0.111111,0.240928,0.702363,0.023377,-1.110869,0.0,0.555556,0.0,0.333333,0.0,0.111111,0.0,0.0
CM_Angelines,55,11,11,1,1,0.0,0,1,9,9,6,0.090909,0.029569,-0.553799,0.07748,-0.277303,0.0,0.454545,0.0,0.454545,0.0,0.090909,0.0,0.0
CM_Angelines,57,12,12,2,2,0.0,0,1,9,9,7,0.083333,0.028939,-0.557543,0.10296,0.115255,0.083333,0.333333,0.0,0.416667,0.0,0.083333,0.0,0.083333
CM_Angelines,59,11,11,3,1,0.0,0,1,9,9,6,0.090909,0.082672,-0.238194,0.020041,-1.162278,0.181818,0.454545,0.0,0.272727,0.0,0.090909,0.0,0.0
CM_Angelines,61,17,15,1,1,0.0,0,1,9,9,6,0.058824,0.062292,-0.359318,0.020053,-1.162085,0.0,0.647059,0.0,0.294118,0.0,0.058824,0.0,0.0
CM_Angelines,63,13,13,5,2,0.0,0,1,9,9,6,0.076923,0.254865,0.785194,0.16299,1.040147,0.307692,0.461538,0.0,0.0,0.0,0.076923,0.076923,0.076923
CM_Angelines,65,8,8,3,1,0.0,0,1,11,11,5,0.125,0.022569,-0.595402,0.126836,0.483119,0.25,0.5,0.0,0.0,0.0,0.125,0.0,0.125
CM_Angelines,67,10,10,3,1,0.0,0,1,11,11,4,0.1,0.182576,0.355562,0.043739,-0.79716,0.2,0.4,0.0,0.3,0.0,0.1,0.0,0.0
CM_Angelines,69,12,12,1,1,0.0,0,0,0,0,0,0.0,0.130418,0.045573,0.158406,0.969523,0.0,0.333333,0.0,0.5,0.0,0.083333,0.0,0.083333
CM_Angelines,71,6,6,1,1,0.0,0,0,0,0,0,0.0,0.096304,-0.157176,0.083861,-0.179001,0.166667,0.333333,0.0,0.333333,0.0,0.166667,0.0,0.0
CM_Angelines,73,6,6,1,1,0.0,0,0,0,0,0,0.0,0.0,-0.729536,0.083861,-0.179001,0.166667,0.333333,0.0,0.333333,0.0,0.166667,0.0,0.0
CM_Angelines,75,17,15,1,2,0.0,0,1,11,11,8,0.058824,0.168516,0.271999,0.020393,-1.156851,0.0,0.647059,0.0,0.235294,0.0,0.058824,0.0,0.058824
CM_Angelines,77,19,19,7,2,0.0,0,1,10,10,10,0.052632,0.178833,0.333316,0.096033,0.008539,0.315789,0.421053,0.0,0.157895,0.0,0.052632,0.0,0.052632
CM_Angelines,79,16,16,2,1,0.0,0,2,12,10,6,0.125,0.369803,1.468301,0.203054,1.657405,0.0,0.3125,0.0,0.5625,0.0,0.0625,0.0,0.0625
CM_Angelines,81,30,25,3,2,0.0,0,1,10,10,6,0.033333,0.366897,1.45103,0.039963,-0.855341,0.066667,0.733333,0.0,0.133333,0.0,0.033333,0.0,0.033333
CM_Angelines,83,34,34,5,1,0.0,0,1,9,9,6,0.029412,0.19919,0.454303,0.079551,-0.245406,0.117647,0.411765,0.0,0.441176,0.0,0.029412,0.0,0.0
CM_Angelines,85,11,9,1,2,0.0,0,1,15,15,6,0.090909,0.168865,0.274074,0.02776,-1.043341,0.0,0.636364,0.0,0.181818,0.0,0.090909,0.0,0.090909
CM_Angelines,87,7,7,3,1,0.0,0,1,15,15,6,0.142857,0.268196,0.864424,0.174976,1.22481,0.285714,0.285714,0.0,0.142857,0.0,0.142857,0.0,0.142857
CM_Angelines,89,16,13,1,1,0.0,0,1,15,15,7,0.0625,0.303689,1.075368,0.050557,-0.692116,0.0,0.625,0.0625,0.125,0.0,0.0625,0.0625,0.0625
CM_Angelines,91,11,9,1,2,0.0,0,1,16,16,6,0.090909,0.013901,-0.646918,0.02776,-1.043341,0.0,0.636364,0.0,0.181818,0.0,0.090909,0.0,0.090909
CM_Eterna,1,2,2,0,0,0.0,0,0,0,0,0,0.0,,,0.058528,-0.59879,0.0,0.5,0.0,0.5,0.0,0.0,0.0,0.0
CM_Eterna,3,4,4,0,0,0.0,0,0,0,0,0,0.0,0.0,-0.729536,0.058528,-0.59879,0.0,0.5,0.0,0.5,0.0,0.0,0.0,0.0
CM_Eterna,5,1,1,1,1,0.0,0,1,4,4,2,1.0,0.292893,1.011205,0.476379,2.734285,0.0,0.0,0.0,1.0,0.0,0.0,0.0,0.0
CM_Eterna,9,3,3,2,1,0.0,0,0,0,0,0,0.0,1.0,5.213727,0.403423,2.152337,0.666667,0.333333,0.0,0.0,0.0,0.0,0.0,0.0
CM_Eterna,11,5,5,2,1,0.0,0,0,0,0,0,0.0,0.105573,-0.102087,0.111524,-0.176061,0.4,0.4,0.0,0.2,0.0,0.0,0.0,0.0
CM_Eterna,13,5,5,2,1,0.0,0,0,0,0,0,0.0,0.0,-0.729536,0.111524,-0.176061,0.4,0.4,0.0,0.2,0.0,0.0,0.0,0.0
CM_Eterna,15,5,5,2,1,0.0,0,0,0,0,0,0.0,0.0,-0.729536,0.111524,-0.176061,0.4,0.4,0.0,0.2,0.0,0.0,0.0,0.0
CM_Eterna,21,3,3,1,1,0.0,0,0,0,0,0,0.0,0.403715,1.669849,0.254933,0.967873,0.0,0.666667,0.0,0.0,0.333333,0.0,0.0,0.0
CM_Eterna,23,6,6,2,1,0.0,0,0,0,0,0,0.0,0.292893,1.011205,0.058798,-0.596642,0.166667,0.333333,0.0,0.333333,0.166667,0.0,0.0,0.0
CM_Eterna,25,12,11,3,1,0.0,0,1,2,2,4,0.083333,0.180108,0.340894,0.052951,-0.643279,0.166667,0.666667,0.0,0.166667,0.0,0.0,0.0,0.0
CM_Eterna,27,6,6,1,1,0.0,0,1,4,4,4,0.166667,0.166667,0.26101,0.058528,-0.59879,0.0,0.5,0.0,0.5,0.0,0.0,0.0,0.0
CM_Eterna,29,10,10,1,1,0.0,0,1,3,3,4,0.1,0.019419,-0.614123,0.116223,-0.13858,0.0,0.4,0.0,0.6,0.0,0.0,0.0,0.0
CM_Eterna,31,11,10,1,1,0.0,0,1,3,3,4,0.090909,0.085673,-0.220358,0.044343,-0.711941,0.0,0.545455,0.0,0.363636,0.0,0.090909,0.0,0.0
CM_Eterna,33,15,10,3,1,0.0,0,1,2,2,4,0.066667,0.134455,0.069566,0.08958,-0.351101,0.133333,0.4,0.066667,0.133333,0.0,0.066667,0.133333,0.066667
CM_Eterna,35,12,10,2,2,0.0,0,1,3,3,6,0.083333,0.104396,-0.109083,0.015251,-0.944002,0.083333,0.5,0.0,0.333333,0.0,0.0,0.0,0.083333
CM_Eterna,37,36,5,2,2,0.0,0,1,3,3,6,0.027778,0.17995,0.339955,0.184995,0.409995,0.027778,0.972222,0.0,0.0,0.0,0.0,0.0,0.0
CM_Eterna,39,6,6,2,2,0.0,0,1,3,3,6,0.166667,0.126084,0.019815,0.064094,-0.554393,0.166667,0.5,0.0,0.166667,0.0,0.0,0.0,0.166667
CM_Pelargonia,3,2,2,0,0,0.0,0,0,0,0,0,0.0,,,0.149104,0.658275,0.0,0.5,0.0,0.5,0.0,0.0,0.0,0.0
CM_Pelargonia,5,2,2,1,1,0.0,0,0,0,0,0,0.0,0.5,2.242096,0.130107,0.392995,0.5,0.5,0.0,0.0,0.0,0.0,0.0,0.0
CM_Pelargonia,7,2,2,1,1,0.0,0,0,0,0,0,0.0,0.0,-0.729536,0.130107,0.392995,0.5,0.5,0.0,0.0,0.0,0.0,0.0,0.0
CM_Pelargonia,9,2,2,1,1,0.0,0,0,0,0,0,0.0,0.0,-0.729536,0.130107,0.392995,0.5,0.5,0.0,0.0,0.0,0.0,0.0,0.0
CM_Pelargonia,11,2,2,1,1,0.0,0,0,0,0,0,0.0,0.0,-0.729536,0.130107,0.392995,0.5,0.5,0.0,0.0,0.0,0.0,0.0,0.0
CM_Pelargonia,13,2,2,1,1,0.0,0,0,0,0,0,0.0,0.0,-0.729536,0.130107,0.392995,0.5,0.5,0.0,0.0,0.0,0.0,0.0,0.0
CM_Pelargonia,15,2,2,1,1,0.0,0,0,0,0,0,0.0,0.0,-0.729536,0.130107,0.392995,0.5,0.5,0.0,0.0,0.0,0.0,0.0,0.0
CM_Pelargonia,17,2,2,1,1,0.0,0,0,0,0,0,0.0,0.0,-0.729536,0.130107,0.392995,0.5,0.5,0.0,0.0,0.0,0.0,0.0,0.0
CM_Pelargonia,19,2,2,1,1,0.0,0,0,0,0,0,0.0,0.0,-0.729536,0.130107,0.392995,0.5,0.5,0.0,0.0,0.0,0.0,0.0,0.0
CM_Pelargonia,21,2,2,1,1,0.0,0,0,0,0,0,0.0,0.0,-0.729536,0.130107,0.392995,0.5,0.5,0.0,0.0,0.0,0.0,0.0,0.0
CM_Pelargonia,23,8,8,2,1,0.0,0,0,0,0,0,0.0,0.166667,0.26101,0.016435,-1.194362,0.25,0.375,0.0,0.25,0.0,0.125,0.0,0.0
CM_Pelargonia,25,8,8,4,1,0.0,0,0,0,0,0,0.0,0.121725,-0.006092,0.096606,-0.074831,0.5,0.375,0.0,0.125,0.0,0.0,0.0,0.0
CM_Pelargonia,27,9,8,2,1,0.0,0,0,0,0,0,0.0,0.235225,0.668468,0.072052,-0.417705,0.222222,0.333333,0.0,0.444444,0.0,0.0,0.0,0.0
CM_Pelargonia,29,11,9,1,1,0.0,0,0,0,0,0,0.0,0.408901,1.700671,0.191475,1.249957,0.090909,0.818182,0.0,0.0,0.0,0.090909,0.0,0.0
CM_Pelargonia,31,9,8,2,1,0.0,0,0,0,0,0,0.0,0.022889,-0.5935,0.13157,0.41342,0.222222,0.666667,0.0,0.0,0.0,0.111111,0.0,0.0
CM_Pelargonia,33,12,12,3,1,0.0,0,0,0,0,0,0.0,0.128869,0.036367,0.004036,-1.367503,0.25,0.416667,0.0,0.25,0.0,0.083333,0.0,0.0
CM_Pelargonia,35,17,17,3,1,0.0,0,0,0,0,0,0.0,0.025566,-0.57759,0.029667,-1.009582,0.176471,0.411765,0.0,0.352941,0.0,0.058824,0.0,0.0
CM_Pelargonia,37,13,12,2,1,0.0,0,1,2,2,4,0.076923,0.030542,-0.548016,0.118435,0.230007,0.076923,0.384615,0.0,0.461538,0.0,0.076923,0.0,0.0
CM_Pelargonia,39,16,15,3,1,0.0,0,0,0,0,0,0.0,0.155879,0.196894,0.035796,-0.923995,0.1875,0.5625,0.0,0.1875,0.0,0.0625,0.0,0.0
CM_Pelargonia,41,11,10,4,1,0.0,0,1,2,2,4,0.090909,0.022704,-0.5946,0.055313,-0.651459,0.272727,0.545455,0.0,0.090909,0.0,0.090909,0.0,0.0
CM_Pelargonia,43,23,21,2,1,0.0,0,0,0,0,0,0.0,0.168657,0.272837,0.071746,-0.42198,0.086957,0.478261,0.0,0.391304,0.0,0.043478,0.0,0.0
CM_Pelargonia,45,12,12,6,1,0.0,0,1,2,2,4,0.083333,0.256044,0.792201,0.090741,-0.156727,0.416667,0.25,0.0,0.25,0.0,0.083333,0.0,0.0
CM_Pelargonia,47,11,10,2,1,0.0,0,1,3,3,4,0.090909,0.274331,0.900886,0.200745,1.379403,0.090909,0.272727,0.0,0.545455,0.0,0.090909,0.0,0.0
CM_Pelargonia,49,11,10,4,1,0.0,0,1,2,2,4,0.090909,0.275931,0.910395,0.013288,-1.238315,0.272727,0.454545,0.0,0.181818,0.0,0.090909,0.0,0.0
CM_Pelargonia,51,16,15,3,1,0.0,0,0,0,0,0,0.0,0.021019,-0.604614,0.016784,-1.189488,0.1875,0.5,0.0,0.25,0.0,0.0625,0.0,0.0
CM_Pelargonia,53,19,19,4,1,0.0,0,0,0,0,0,0.0,0.046542,-0.452924,0.032674,-0.967592,0.210526,0.368421,0.0,0.368421,0.0,0.052632,0.0,0.0
CM_Pelargonia,55,19,19,5,1,0.0,0,0,0,0,0,0.0,0.008694,-0.677865,0.012849,-1.244437,0.263158,0.368421,0.0,0.315789,0.0,0.052632,0.0,0.0
CM_Pelargonia,57,20,19,3,1,0.0,0,0,0,0,0,0.0,0.0454,-0.459711,0.087994,-0.195094,0.15,0.35,0.0,0.45,0.0,0.05,0.0,0.0
CM_Pelargonia,59,17,17,3,1,0.0,0,0,0,0,0,0.0,0.020166,-0.609684,0.029667,-1.009582,0.176471,0.411765,0.0,0.352941,0.0,0.058824,0.0,0.0
CM_Pelargonia,61,15,15,3,1,0.0,0,0,0,0,0,0.0,0.001558,-0.720276,0.020397,-1.139038,0.2,0.4,0.0,0.333333,0.0,0.066667,0.0,0.0
CM_Pelargonia,63,24,23,2,1,0.0,0,0,0,0,0,0.0,0.044783,-0.463378,0.065489,-0.509357,0.083333,0.541667,0.0,0.291667,0.0,0.083333,0.0,0.0
CM_Pelargonia,65,21,19,3,1,0.0,0,0,0,0,0,0.0,0.027799,-0.564319,0.070049,-0.44568,0.095238,0.47619,0.0,0.380952,0.047619,0.0,0.0,0.0
CM_Pelargonia,67,17,15,3,1,0.0,0,0,0,0,0,0.0,0.006993,-0.687974,0.050963,-0.712207,0.117647,0.529412,0.0,0.352941,0.0,0.0,0.0,0.0
CM_Pelargonia,69,12,11,3,1,0.0,0,0,0,0,0,0.0,0.018635,-0.618783,0.03629,-0.917095,0.166667,0.583333,0.0,0.25,0.0,0.0,0.0,0.0
CM_Pelargonia,71,19,13,4,1,0.0,0,2,12,6,2,0.105263,0.341535,1.300297,0.301847,2.791232,0.105263,0.210526,0.052632,0.315789,0.0,0.0,0.315789,0.0
CM_Pelargonia,73,8,8,4,1,0.0,0,2,12,6,2,0.25,0.237999,0.684955,0.134868,0.459485,0.25,0.25,0.0,0.5,0.0,0.0,0.0,0.0
CM_Pelargonia,75,6,6,4,1,0.0,0,2,12,6,2,0.333333,0.018019,-0.622444,0.188885,1.213793,0.333333,0.166667,0.0,0.5,0.0,0.0,0.0,0.0
CM_Pelargonia,77,6,6,4,1,0.0,0,2,13,7,2,0.333333,0.0,-0.729536,0.188885,1.213793,0.333333,0.166667,0.0,0.5,0.0,0.0,0.0,0.0
CM_Pelargonia,79,6,6,3,1,0.0,0,2,13,7,2,0.333333,0.055089,-0.402127,0.290996,2.639708,0.166667,0.166667,0.0,0.666667,0.0,0.0,0.0,0.0
CM_Gardenia,1,2,2,0,0,0.0,0,0,0,0,0,0.0,,,0.451701,2.237899,0.0,0.5,0.0,0.0,0.0,0.5,0.0,0.0
CM_Gardenia,3,4,4,0,0,0.0,0,0,0,0,0,0.0,0.133975,0.066713,0.124042,-0.153003,0.0,0.5,0.0,0.25,0.0,0.25,0.0,0.0
CM_Gardenia,5,4,4,1,1,0.0,0,0,0,0,0,0.0,0.166667,0.26101,0.314227,1.234758,0.25,0.5,0.0,0.0,0.0,0.25,0.0,0.0
CM_Gardenia,7,4,4,1,1,0.0,0,0,0,0,0,0.0,0.0,-0.729536,0.314227,1.234758,0.25,0.5,0.0,0.0,0.0,0.25,0.0,0.0
CM_Gardenia,9,10,10,0,0,0.0,0,0,0,0,0,0.0,0.433053,1.844212,0.032821,-0.818642,0.0,0.4,0.0,0.5,0.0,0.1,0.0,0.0
CM_Gardenia,11,9,8,2,1,0.0,0,0,0,0,0,0.0,0.397547,1.633191,0.278162,0.971596,0.222222,0.666667,0.0,0.0,0.0,0.111111,0.0,0.0
CM_Gardenia,13,8,8,2,1,0.0,0,0,0,0,0,0.0,0.043635,-0.470201,0.314227,1.234758,0.25,0.5,0.0,0.0,0.0,0.25,0.0,0.0
CM_Gardenia,15,17,16,0,0,0.0,0,0,0,0,0,0.0,0.388947,1.582079,0.026395,-0.865532,0.0,0.470588,0.0,0.470588,0.0,0.058824,0.0,0.0
CM_Gardenia,17,5,5,2,2,0.0,0,1,2,2,6,0.2,0.336335,1.269392,0.288712,1.04858,0.2,0.6,0.0,0.0,0.0,0.2,0.0,0.0
CM_Gardenia,19,1,1,1,2,0.0,0,1,3,3,6,1.0,0.095466,-0.162156,0.32072,1.282135,0.0,1.0,0.0,0.0,0.0,0.0,0.0,0.0
CM_Gardenia,21,1,1,1,1,0.0,0,1,3,3,6,1.0,0.0,-0.729536,0.32072,1.282135,0.0,1.0,0.0,0.0,0.0,0.0,0.0,0.0
CM_Gardenia,23,5,5,2,2,0.0,0,1,2,2,6,0.2,0.095466,-0.162156,0.109365,-0.260101,0.2,0.6,0.0,0.2,0.0,0.0,0.0,0.0
CM_Gardenia,25,1,1,1,2,0.0,0,1,3,3,6,1.0,0.095466,-0.162156,0.32072,1.282135,0.0,1.0,0.0,0.0,0.0,0.0,0.0,0.0
CM_Gardenia,27,1,1,1,1,0.0,0,1,3,3,6,1.0,0.0,-0.729536,0.32072,1.282135,0.0,1.0,0.0,0.0,0.0,0.0,0.0,0.0
CM_Gardenia,29,6,5,2,2,0.0,0,1,2,2,6,0.166667,0.019419,-0.614123,0.289764,1.056258,0.166667,0.833333,0.0,0.0,0.0,0.0,0.0,0.0
CM_Gardenia,31,1,1,1,2,0.0,0,1,3,3,6,1.0,0.019419,-0.614123,0.32072,1.282135,0.0,1.0,0.0,0.0,0.0,0.0,0.0,0.0
CM_Gardenia,33,1,1,1,1,0.0,0,1,3,3,6,1.0,0.0,-0.729536,0.32072,1.282135,0.0,1.0,0.0,0.0,0.0,0.0,0.0,0.0
CM_Gardenia,35,5,5,2,2,0.0,0,1,2,2,6,0.2,0.095466,-0.162156,0.109365,-0.260101,0.2,0.6,0.0,0.2,0.0,0.0,0.0,0.0
CM_Gardenia,37,1,1,1,2,0.0,0,1,3,3,6,1.0,0.095466,-0.162156,0.32072,1.282135,0.0,1.0,0.0,0.0,0.0,0.0,0.0,0.0
CM_Gardenia,39,1,1,1,1,0.0,0,1,3,3,6,1.0,0.0,-0.729536,0.32072,1.282135,0.0,1.0,0.0,0.0,0.0,0.0,0.0,0.0
CM_Gardenia,41,6,5,2,2,0.0,0,1,3,3,6,0.166667,0.019419,-0.614123,0.289764,1.056258,0.166667,0.833333,0.0,0.0,0.0,0.0,0.0,0.0
CM_Gardenia,43,5,5,2,2,0.0,0,1,2,2,6,0.2,0.0539,-0.409194,0.288712,1.04858,0.2,0.6,0.0,0.0,0.0,0.2,0.0,0.0
CM_Gardenia,51,3,3,2,1,0.0,0,2,6,3,4,0.666667,0.595481,2.809565,0.078206,-0.487469,0.0,0.333333,0.0,0.666667,0.0,0.0,0.0,0.0
CM_Gardenia,53,12,11,4,1,0.0,0,2,4,2,4,0.166667,0.142806,0.119198,0.021133,-0.903925,0.166667,0.416667,0.083333,0.333333,0.0,0.0,0.0,0.0
CM_Gardenia,55,9,9,3,1,0.0,0,2,6,3,4,0.222222,0.024679,-0.582862,0.006704,-1.009215,0.111111,0.444444,0.0,0.444444,0.0,0.0,0.0,0.0
CM_Gardenia,57,13,13,7,1,0.0,0,4,10,3,4,0.307692,0.041601,-0.48229,0.034836,-0.803936,0.230769,0.307692,0.0,0.461538,0.0,0.0,0.0,0.0
CM_Gardenia,59,13,13,5,1,0.0,0,4,12,3,4,0.307692,0.046837,-0.451171,0.058902,-0.628326,0.076923,0.307692,0.0,0.615385,0.0,0.0,0.0,0.0
CM_Gardenia,61,23,23,5,1,0.0,0,4,12,4,4,0.173913,0.006849,-0.68883,0.102887,-0.307374,0.043478,0.26087,0.0,0.695652,0.0,0.0,0.0,0.0
CM_Gardenia,63,19,18,9,1,0.0,0,6,18,4,4,0.315789,0.051076,-0.425977,0.23554,0.660586,0.157895,0.052632,0.0,0.789474,0.0,0.0,0.0,0.0
CM_Gardenia,65,36,34,9,1,0.0,0,4,13,4,2,0.111111,0.0493,-0.436533,0.076156,-0.502428,0.138889,0.25,0.0,0.611111,0.0,0.0,0.0,0.0
CM_Gardenia,67,33,31,7,1,0.0,0,2,8,4,2,0.060606,0.002224,-0.716318,0.101484,-0.31761,0.151515,0.212121,0.0,0.636364,0.0,0.0,0.0,0.0
CM_Gardenia,69,33,31,9,1,0.0,0,2,8,4,2,0.060606,0.005552,-0.696539,0.115888,-0.212503,0.212121,0.181818,0.0,0.606061,0.0,0.0,0.0,0.0
CM_Gardenia,71,32,31,11,1,0.0,0,2,8,4,2,0.0625,0.070405,-0.3111,0.048487,-0.704322,0.28125,0.3125,0.0,0.40625,0.0,0.0,0.0,0.0
CM_Gardenia,73,31,31,7,1,0.0,0,0,0,0,0,0.0,0.01568,-0.636345,0.015207,-0.947168,0.193548,0.354839,0.0,0.419355,0.032258,0.0,0.0,0.0
CM_Gardenia,75,33,33,7,1,0.0,0,0,0,0,0,0.0,0.001837,-0.718618,0.016356,-0.93878,0.212121,0.363636,0.0,0.424242,0.0,0.0,0.0,0.0
CM_Gardenia,77,33,33,9,1,0.0,0,0,0,0,0,0.0,0.010209,-0.668861,0.038554,-0.776806,0.272727,0.363636,0.0,0.363636,0.0,0.0,0.0,0.0
CM_Gardenia,79,41,41,7,1,0.0,0,0,0,0,0,0.0,0.022352,-0.596692,0.007912,-1.000396,0.170732,0.390244,0.0,0.439024,0.0,0.0,0.0,0.0
CM_Gardenia,81,37,37,9,1,0.0,0,0,0,0,0,0.0,0.007675,-0.683921,0.015642,-0.943994,0.189189,0.378378,0.0,0.378378,0.054054,0.0,0.0,0.0
CM_Gardenia,83,38,38,8,2,0.0,0,1,2,2,6,0.026316,0.016516,-0.631377,0.018784,-0.921068,0.184211,0.342105,0.0,0.473684,0.0,0.0,0.0,0.0
CM_Gardenia,85,39,37,9,1,0.0,0,2,4,2,4,0.051282,0.061236,-0.365594,0.024255,-0.881148,0.179487,0.384615,0.0,0.307692,0.0,0.128205,0.0,0.0
CM_Gardenia,87,41,41,7,1,0.0,0,2,6,3,4,0.04878,0.045975,-0.456294,0.076622,-0.499027,0.121951,0.292683,0.0,0.341463,0.0,0.243902,0.0,0.0
CM_Gardenia,89,28,28,5,1,0.0,0,3,8,3,9,0.107143,0.103378,-0.115133,0.020073,-0.911662,0.071429,0.357143,0.0,0.5,0.0,0.035714,0.0,0.035714
CM_Gardenia,91,26,26,5,1,0.0,0,3,14,8,4,0.115385,0.008937,-0.676421,0.03363,-0.812736,0.115385,0.307692,0.0,0.538462,0.0,0.038462,0.0,0.0
CM_Gardenia,93,29,28,3,1,0.0,0,3,14,8,4,0.103448,0.053324,-0.412617,0.017938,-0.92724,0.034483,0.482759,0.0,0.448276,0.0,0.034483,0.0,0.0
CM_Gardenia,95,4,4,3,1,0.0,0,3,20,8,4,0.75,0.403309,1.667436,0.304693,1.165189,0.25,0.0,0.0,0.5,0.0,0.25,0.0,0.0
CM_Gardenia,97,12,12,3,1,0.0,0,3,18,8,4,0.25,0.222222,0.591188,0.022368,-0.894913,0.083333,0.333333,0.0,0.5,0.0,0.083333,0.0,0.0
CM_Gardenia,99,4,4,3,1,0.0,0,3,20,8,4,0.75,0.222222,0.591188,0.304693,1.165189,0.25,0.0,0.0,0.5,0.0,0.25,0.0,0.0
CM_Gardenia,101,12,12,3,1,0.0,0,3,18,8,4,0.25,0.222222,0.591188,0.022368,-0.894913,0.083333,0.333333,0.0,0.5,0.0,0.083333,0.0,0.0
CM_Gardenia,103,6,6,3,1,0.0,0,3,20,8,4,0.5,0.053271,-0.412932,0.031803,-0.826068,0.166667,0.333333,0.0,0.333333,0.0,0.166667,0.0,0.0
CM_Gardenia,105,20,15,4,1,0.0,0,4,16,5,4,0.2,0.258018,0.803933,0.202467,0.419255,0.1,0.1,0.15,0.65,0.0,0.0,0.0,0.0
CM_Gardenia,107,54,20,4,1,0.0,0,2,10,5,4,0.037037,0.669938,3.252082,0.677658,3.886692,0.037037,0.0,0.074074,0.222222,0.0,0.666667,0.0,0.0
CM_Gardenia,109,22,17,5,1,0.0,0,2,10,5,4,0.090909,0.670651,3.25632,0.207686,0.45734,0.136364,0.090909,0.181818,0.545455,0.0,0.0,0.045455,0.0
CM_Gardenia,111,19,15,5,1,0.0,0,2,10,5,4,0.105263,0.02244,-0.596169,0.218261,0.534502,0.157895,0.105263,0.210526,0.421053,0.0,0.0,0.105263,0.0
CM_Gardenia,113,15,14,4,1,0.0,0,2,10,5,4,0.133333,0.123916,0.00693,0.171558,0.193714,0.133333,0.133333,0.0,0.733333,0.0,0.0,0.0,0.0
CM_Gardenia,115,236,13,4,1,0.0,0,2,10,5,4,0.008475,0.787901,3.953167,0.294284,1.089237,0.008475,0.949153,0.008475,0.033898,0.0,0.0,0.0,0.0
CM_Gardenia,117,13,12,5,1,0.0,0,3,20,12,4,0.230769,0.678802,3.304763,0.138798,-0.045331,0.153846,0.153846,0.153846,0.461538,0.0,0.0,0.0,0.076923
CM_Gardenia,119,15,11,5,1,0.0,0,3,19,11,4,0.2,0.140101,0.103122,0.032362,-0.821985,0.133333,0.4,0.133333,0.333333,0.0,0.0,0.0,0.0
CM_Gardenia,121,13,13,6,1,0.0,0,2,8,4,4,0.153846,0.202899,0.476347,0.145782,0.005626,0.307692,0.153846,0.0,0.538462,0.0,0.0,0.0,0.0
CM_Gardenia,123,13,13,6,1,0.0,0,2,8,4,4,0.153846,0.054111,-0.40794,0.180398,0.25822,0.307692,0.153846,0.0,0.384615,0.0,0.0,0.153846,0.0
CM_Gardenia,125,13,13,6,1,0.0,0,2,8,4,4,0.153846,0.072827,-0.296706,0.063249,-0.596611,0.307692,0.307692,0.0,0.384615,0.0,0.0,0.0,0.0
CM_Gardenia,127,24,23,8,1,0.0,0,2,8,4,4,0.083333,0.038518,-0.500613,0.047391,-0.71232,0.25,0.416667,0.0,0.291667,0.0,0.0,0.041667,0.0
CM_Gardenia,129,38,31,7,1,0.0,0,1,4,4,4,0.026316,0.056217,-0.395423,0.0035,-1.032593,0.131579,0.368421,0.026316,0.421053,0.0,0.026316,0.0,0.026316
CM_Gardenia,131,39,35,9,1,0.0,0,2,8,4,4,0.051282,0.087474,-0.209655,0.068763,-0.556374,0.179487,0.564103,0.0,0.25641,0.0,0.0,0.0,0.0
CM_Gardenia,133,48,47,4,1,0.0,0,2,8,4,4,0.041667,0.04451,-0.465001,0.029251,-0.844691,0.041667,0.541667,0.0,0.395833,0.0,0.020833,0.0,0.0
CM_Gardenia,135,6,6,2,1,0.0,0,2,19,10,4,0.333333,0.113332,-0.055974,0.078206,-0.487469,0.0,0.333333,0.0,0.666667,0.0,0.0,0.0,0.0
CM_Gardenia,137,5,5,1,1,0.0,0,1,19,19,4,0.2,0.007722,-0.683642,0.048292,-0.705749,0.0,0.4,0.0,0.6,0.0,0.0,0.0,0.0
CM_Gardenia,139,1,1,1,1,0.0,0,1,20,20,4,1.0,0.16795,0.268635,0.309043,1.196931,0.0,0.0,0.0,1.0,0.0,0.0,0.0,0.0
CM_Gardenia,145,6,6,1,1,0.0,0,0,0,0,0,0.0,0.198216,0.448514,0.02275,-0.892126,0.166667,0.333333,0.0,0.5,0.0,0.0,0.0,0.0
CM_Gardenia,147,6,6,1,1,0.0,0,0,0,0,0,0.0,0.0,-0.729536,0.02275,-0.892126,0.166667,0.333333,0.0,0.5,0.0,0.0,0.0,0.0
CM_Gardenia,149,5,4,1,1,0.0,0,0,0,0,0,0.0,0.416617,1.746529,0.286406,1.03175,0.2,0.8,0.0,0.0,0.0,0.0,0.0,0.0
CM_Gardenia,151,6,6,1,1,0.0,0,0,0,0,0,0.0,0.416617,1.746529,0.02275,-0.892126,0.166667,0.333333,0.0,0.5,0.0,0.0,0.0,0.0
CM_Gardenia,153,5,4,1,1,0.0,0,0,0,0,0,0.0,0.416617,1.746529,0.286406,1.03175,0.2,0.8,0.0,0.0,0.0,0.0,0.0,0.0
CM_Gardenia,159,4,4,2,1,0.0,0,2,10,5,4,0.5,0.314006,1.136685,0.031096,-0.831228,0.0,0.5,0.0,0.5,0.0,0.0,0.0,0.0
CM_Gardenia,161,11,10,4,1,0.0,0,2,8,4,4,0.181818,0.183503,0.361071,0.109021,-0.262613,0.181818,0.181818,0.090909,0.363636,0.0,0.0,0.090909,0.090909
CM_Gardenia,163,7,7,4,1,0.0,0,2,10,5,4,0.285714,0.159832,0.220388,0.061397,-0.610125,0.285714,0.428571,0.0,0.285714,0.0,0.0,0.0,0.0
CM_Gardenia,165,19,19,4,1,0.0,0,2,8,4,4,0.105263,0.086012,-0.218344,0.008478,-0.996265,0.105263,0.421053,0.0,0.473684,0.0,0.0,0.0,0.0
CM_Gardenia,167,12,12,7,1,0.0,0,5,17,4,4,0.416667,0.053213,-0.413277,0.069756,-0.549126,0.166667,0.25,0.0,0.583333,0.0,0.0,0.0,0.0
CM_Gardenia,169,23,22,7,1,0.0,0,5,15,3,4,0.217391,0.014508,-0.643311,0.117286,-0.202302,0.086957,0.217391,0.0,0.695652,0.0,0.0,0.0,0.0
CM_Gardenia,171,19,18,7,1,0.0,0,5,18,4,4,0.263158,0.044891,-0.462737,0.287474,1.039546,0.105263,0.0,0.0,0.894737,0.0,0.0,0.0,0.0
CM_Gardenia,173,26,25,10,1,0.0,0,5,16,4,4,0.192308,0.014905,-0.640951,0.209442,0.470155,0.192308,0.076923,0.0,0.730769,0.0,0.0,0.0,0.0
CM_Gardenia,175,34,32,12,1,0.0,0,4,14,4,4,0.117647,0.052058,-0.420141,0.074693,-0.5131,0.235294,0.235294,0.0,0.529412,0.0,0.0,0.0,0.0
CM_Gardenia,177,23,22,3,2,0.0,0,1,2,2,16,0.043478,0.046034,-0.455943,0.027531,-0.857237,0.086957,0.347826,0.0,0.521739,0.0,0.0,0.0,0.043478
CM_Gardenia,179,19,18,3,2,0.0,0,1,2,2,16,0.052632,0.001733,-0.719236,0.035548,-0.79874,0.105263,0.315789,0.0,0.526316,0.0,0.0,0.0,0.052632
CM_Gardenia,181,15,14,3,2,0.0,0,1,2,2,16,0.066667,0.004348,-0.703694,0.055077,-0.656241,0.133333,0.266667,0.0,0.533333,0.0,0.0,0.0,0.066667
CM_Gardenia,183,9,8,2,2,0.0,0,1,2,2,12,0.111111,0.14416,0.127245,0.074358,-0.515546,0.0,0.444444,0.0,0.333333,0.111111,0.0,0.0,0.111111
CM_Gardenia,185,5,5,2,2,0.0,0,1,2,2,18,0.2,0.199868,0.458333,0.12952,-0.113034,0.2,0.2,0.0,0.4,0.0,0.0,0.0,0.2
CM_Gardenia,187,8,8,2,2,0.0,0,1,2,2,26,0.125,0.033012,-0.533337,0.069535,-0.550741,0.125,0.25,0.0,0.5,0.0,0.0,0.0,0.125
CM_Gardenia,189,8,8,2,2,0.0,0,1,2,2,34,0.125,0.0,-0.729536,0.069535,-0.550741,0.125,0.25,0.0,0.5,0.0,0.0,0.0,0.125
CM_Gardenia,191,8,8,2,2,0.0,0,1,2,2,40,0.125,0.0,-0.729536,0.069535,-0.550741,0.125,0.25,0.0,0.5,0.0,0.0,0.0,0.125
CM_Gardenia,193,71,71,0,0,0.0,0,0,0,0,0,0.0,0.410103,1.707814,0.338942,1.415104,0.0,0.197183,0.0,0.323944,0.0,0.478873,0.0,0.0
CM_Gardenia,195,43,40,2,1,0.0,0,2,16,8,2,0.046512,0.347302,1.334572,0.013508,-0.959566,0.046512,0.465116,0.0,0.44186,0.0,0.046512,0.0,0.0
CM_Gardenia,197,22,22,4,1,0.0,0,4,21,8,4,0.181818,0.015636,-0.636607,0.009805,-0.986583,0.090909,0.363636,0.0,0.454545,0.0,0.090909,0.0,0.0
CM_Gardenia,199,11,11,5,1,0.0,0,5,24,8,4,0.454545,0.072387,-0.299321,0.10307,-0.30604,0.181818,0.181818,0.0,0.454545,0.0,0.181818,0.0,0.0
CM_Gardenia,201,15,15,5,1,0.0,0,5,23,8,4,0.333333,0.018686,-0.61848,0.040697,-0.76117,0.133333,0.266667,0.0,0.466667,0.0,0.133333,0.0,0.0
CM_Gardenia,203,11,11,5,1,0.0,0,5,24,8,4,0.454545,0.018686,-0.61848,0.10307,-0.30604,0.181818,0.181818,0.0,0.454545,0.0,0.181818,0.0,0.0
CM_Gardenia,205,15,15,5,1,0.0,0,5,23,8,4,0.333333,0.018686,-0.61848,0.040697,-0.76117,0.133333,0.266667,0.0,0.466667,0.0,0.133333,0.0,0.0
CM_Gardenia,207,13,13,5,1,0.0,0,5,24,8,4,0.384615,0.01351,-0.649242,0.026518,-0.864632,0.153846,0.307692,0.0,0.384615,0.0,0.153846,0.0,0.0
CM_Gardenia,209,40,30,6,1,0.0,0,6,16,3,4,0.15,0.193441,0.420135,0.202467,0.419255,0.1,0.1,0.15,0.65,0.0,0.0,0.0,0.0
CM_Gardenia,211,103,35,7,1,0.0,0,3,6,2,4,0.029126,0.727236,3.592619,0.717619,4.178284,0.038835,0.0,0.07767,0.184466,0.0,0.699029,0.0,0.0
CM_Gardenia,213,44,35,7,1,0.0,0,2,4,2,4,0.045455,0.729569,3.606485,0.160777,0.115044,0.113636,0.136364,0.159091,0.545455,0.0,0.0,0.022727,0.022727
CM_Gardenia,215,33,25,9,1,0.0,0,3,6,2,4,0.090909,0.071553,-0.304277,0.296056,1.102171,0.181818,0.060606,0.242424,0.393939,0.0,0.0,0.121212,0.0
CM_Gardenia,217,32,30,6,1,0.0,0,2,4,2,4,0.0625,0.181866,0.351342,0.12848,-0.120624,0.125,0.1875,0.0,0.6875,0.0,0.0,0.0,0.0
CM_Gardenia,219,468,23,7,1,0.0,0,3,6,2,4,0.00641,0.713969,3.51377,0.300254,1.132797,0.008547,0.957265,0.008547,0.025641,0.0,0.0,0.0,0.0
CM_Gardenia,221,64,29,6,1,0.0,0,2,24,12,1,0.03125,0.805787,4.059468,0.189193,0.322396,0.0625,0.125,0.0625,0.734375,0.0,0.0,0.015625,0.0
CM_Gardenia,223,64,25,6,1,0.0,0,2,22,11,1,0.03125,0.617887,2.942729,0.173833,0.210313,0.0625,0.71875,0.0625,0.15625,0.0,0.0,0.0,0.0
CM_Gardenia,225,30,30,8,1,0.0,0,0,0,0,0,0.0,0.367263,1.453205,0.060641,-0.61564,0.266667,0.266667,0.0,0.466667,0.0,0.0,0.0,0.0
CM_Gardenia,227,30,30,8,1,0.0,0,0,0,0,0,0.0,0.046837,-0.451171,0.091479,-0.390615,0.266667,0.266667,0.0,0.333333,0.0,0.0,0.133333,0.0
CM_Gardenia,229,30,30,8,1,0.0,0,0,0,0,0,0.0,0.051575,-0.423012,0.039212,-0.772001,0.266667,0.4,0.0,0.333333,0.0,0.0,0.0,0.0
CM_Gardenia,231,50,48,12,1,0.0,0,0,0,0,0,0.0,0.009899,-0.670703,0.049791,-0.694811,0.24,0.44,0.0,0.28,0.0,0.0,0.04,0.0
CM_Gardenia,233,63,60,10,1,0.0,0,0,0,0,0,0.0,0.059557,-0.375573,0.00917,-0.991217,0.15873,0.380952,0.0,0.460317,0.0,0.0,0.0,0.0
CM_Gardenia,235,73,64,10,1,0.0,0,0,0,0,0,0.0,0.06083,-0.368007,0.040202,-0.764779,0.136986,0.547945,0.0,0.315068,0.0,0.0,0.0,0.0
CM_Gardenia,237,140,74,4,1,0.0,0,0,0,0,0,0.0,0.055412,-0.400207,0.168704,0.172887,0.028571,0.771429,0.0,0.185714,0.0,0.014286,0.0,0.0
CM_Gardenia,239,1,1,1,1,0.0,0,1,20,20,4,1.0,0.766136,3.823812,0.309043,1.196931,0.0,0.0,0.0,1.0,0.0,0.0,0.0,0.0
CM_Gardenia,241,5,5,1,1,0.0,0,1,19,19,4,0.2,0.16795,0.268635,0.048292,-0.705749,0.0,0.4,0.0,0.6,0.0,0.0,0.0,0.0
CM_Gardenia,243,1,1,1,1,0.0,0,1,20,20,4,1.0,0.16795,0.268635,0.309043,1.196931,0.0,0.0,0.0,1.0,0.0,0.0,0.0,0.0
CM_Hojas de Roble,1,1,1,0,0,0.0,0,0,0,0,0,0.0,,,0.969411,6.082392,0.0,0.0,1.0,0.0,0.0,0.0,0.0,0.0
CM_Hojas de Roble,5,4,4,1,1,0.0,0,0,0,0,0,0.0,1.0,5.213727,0.09918,0.026094,0.25,0.5,0.0,0.25,0.0,0.0,0.0,0.0
CM_Hojas de Roble,7,5,5,1,1,0.0,0,0,0,0,0,0.0,0.047421,-0.4477,0.010618,-0.590244,0.2,0.4,0.0,0.4,0.0,0.0,0.0,0.0
CM_Hojas de Roble,9,9,9,1,1,0.0,0,0,0,0,0,0.0,0.01356,-0.648945,0.014613,-0.562444,0.111111,0.444444,0.0,0.444444,0.0,0.0,0.0,0.0
CM_Hojas de Roble,11,5,5,2,1,0.0,0,1,4,4,2,0.2,0.282259,0.948004,0.194283,0.687958,0.2,0.0,0.0,0.8,0.0,0.0,0.0,0.0
CM_Hojas de Roble,13,7,7,4,1,0.0,0,1,3,3,2,0.142857,0.165378,0.253349,0.151978,0.393535,0.428571,0.142857,0.0,0.428571,0.0,0.0,0.0,0.0
CM_Hojas de Roble,15,7,7,4,1,0.0,0,1,3,3,2,0.142857,0.0,-0.729536,0.151978,0.393535,0.428571,0.142857,0.0,0.428571,0.0,0.0,0.0,0.0
CM_Hojas de Roble,17,7,7,4,1,0.0,0,1,3,3,2,0.142857,0.0,-0.729536,0.151978,0.393535,0.428571,0.142857,0.0,0.428571,0.0,0.0,0.0,0.0
CM_Hojas de Roble,19,7,7,4,1,0.0,0,1,3,3,2,0.142857,0.0,-0.729536,0.151978,0.393535,0.428571,0.142857,0.0,0.428571,0.0,0.0,0.0,0.0
CM_Hojas de Roble,21,7,7,4,1,0.0,0,1,3,3,2,0.142857,0.0,-0.729536,0.151978,0.393535,0.428571,0.142857,0.0,0.428571,0.0,0.0,0.0,0.0
CM_Hojas de Roble,23,7,7,4,1,0.0,0,1,3,3,2,0.142857,0.0,-0.729536,0.151978,0.393535,0.428571,0.142857,0.0,0.428571,0.0,0.0,0.0,0.0
CM_Hojas de Roble,25,7,7,4,1,0.0,0,1,3,3,2,0.142857,0.0,-0.729536,0.151978,0.393535,0.428571,0.142857,0.0,0.428571,0.0,0.0,0.0,0.0
CM_Hojas de Roble,27,7,7,4,1,0.0,0,1,3,3,2,0.142857,0.0,-0.729536,0.151978,0.393535,0.428571,0.142857,0.0,0.428571,0.0,0.0,0.0,0.0
CM_Hojas de Roble,29,8,8,3,1,0.0,0,0,0,0,0,0.0,0.242967,0.714481,0.104536,0.063371,0.125,0.25,0.0,0.375,0.25,0.0,0.0,0.0
CM_Hojas de Roble,31,10,10,3,1,0.0,0,0,0,0,0,0.0,0.053271,-0.412932,0.092896,-0.017638,0.1,0.4,0.0,0.3,0.2,0.0,0.0,0.0
CM_Hojas de Roble,33,16,16,2,1,0.0,0,0,0,0,0,0.0,0.078046,-0.265688,0.018667,-0.53423,0.0625,0.375,0.0,0.5,0.0625,0.0,0.0,0.0
CM_Hojas de Roble,35,16,14,2,1,0.0,0,0,0,0,0,0.0,0.039216,-0.496465,0.053709,-0.290356,0.0625,0.5,0.0,0.375,0.0625,0.0,0.0,0.0
CM_Hojas de Roble,37,22,22,2,1,0.0,0,0,0,0,0,0.0,0.06155,-0.363728,0.013228,-0.572082,0.090909,0.363636,0.0,0.545455,0.0,0.0,0.0,0.0
CM_Hojas de Roble,39,24,22,2,1,0.0,0,0,0,0,0,0.0,0.190886,0.40495,0.169845,0.51788,0.041667,0.666667,0.0,0.25,0.041667,0.0,0.0,0.0
CM_Hojas de Roble,41,22,22,6,1,0.0,0,0,0,0,0,0.0,0.130892,0.04839,0.049451,-0.319993,0.272727,0.409091,0.0,0.318182,0.0,0.0,0.0,0.0
CM_Hojas de Roble,43,17,17,7,1,0.0,0,2,4,2,4,0.117647,0.007043,-0.687677,0.039911,-0.386382,0.294118,0.352941,0.0,0.352941,0.0,0.0,0.0,0.0
CM_Hojas de Roble,45,20,20,6,1,0.0,0,3,8,4,4,0.15,0.077968,-0.266151,0.013325,-0.571404,0.15,0.3,0.0,0.55,0.0,0.0,0.0,0.0
CM_Hojas de Roble,47,18,18,4,1,0.0,0,3,10,4,4,0.166667,0.030416,-0.548765,0.076369,-0.132659,0.055556,0.222222,0.0,0.666667,0.0,0.055556,0.0,0.0
CM_Hojas de Roble,49,22,22,6,1,0.0,0,3,9,4,4,0.136364,0.032603,-0.535767,0.010837,-0.588723,0.136364,0.318182,0.0,0.545455,0.0,0.0,0.0,0.0
CM_Hojas de Roble,51,14,14,5,1,0.0,0,2,11,7,4,0.142857,0.020988,-0.604798,0.04215,-0.370804,0.214286,0.214286,0.0,0.571429,0.0,0.0,0.0,0.0
CM_Hojas de Roble,53,17,17,6,1,0.0,0,2,10,6,4,0.117647,0.002702,-0.713477,0.03147,-0.445126,0.235294,0.235294,0.0,0.529412,0.0,0.0,0.0,0.0
CM_Hojas de Roble,55,22,21,6,1,0.0,0,3,8,4,4,0.136364,0.058191,-0.383691,0.005754,-0.624099,0.136364,0.409091,0.0,0.454545,0.0,0.0,0.0,0.0
CM_Hojas de Roble,57,28,28,6,1,0.0,0,1,4,4,2,0.035714,0.029699,-0.553027,0.013579,-0.569638,0.178571,0.285714,0.0,0.535714,0.0,0.0,0.0,0.0
CM_Hojas de Roble,59,16,16,7,1,0.0,0,3,8,4,4,0.1875,0.01885,-0.617505,0.056787,-0.268936,0.25,0.1875,0.0,0.5625,0.0,0.0,0.0,0.0
CM_Hojas de Roble,61,25,25,6,1,0.0,0,1,4,4,2,0.04,0.032808,-0.534549,0.004566,-0.632362,0.2,0.32,0.0,0.48,0.0,0.0,0.0,0.0
CM_Hojas de Roble,63,16,16,7,1,0.0,0,3,8,4,4,0.1875,0.032808,-0.534549,0.056787,-0.268936,0.25,0.1875,0.0,0.5625,0.0,0.0,0.0,0.0
CM_Hojas de Roble,65,27,27,5,1,0.0,0,0,0,0,0,0.0,0.12413,0.008202,0.016514,-0.549211,0.111111,0.407407,0.0,0.407407,0.074074,0.0,0.0,0.0
CM_Hojas de Roble,67,31,31,4,1,0.0,0,0,0,0,0,0.0,0.004563,-0.702416,0.022254,-0.509263,0.064516,0.419355,0.0,0.451613,0.064516,0.0,0.0,0.0
CM_Hojas de Roble,69,2262,42,5,1,0.0,0,0,0,0,0,0.0,0.269791,0.873903,0.233483,0.960767,0.001768,0.007515,0.0,0.990274,0.000442,0.0,0.0,0.0
CM_Hojas de Roble,71,32259,35,4,1,0.0,0,1,2,2,4,3.1e-05,0.991977,5.166044,0.41501,2.224088,6.2e-05,0.999473,0.0,0.000434,3.1e-05,0.0,0.0,0.0
CM_Hojas de Roble,73,50,47,4,1,0.0,0,1,2,2,4,0.02,0.406778,1.688053,0.019308,-0.529769,0.06,0.4,0.0,0.54,0.0,0.0,0.0,0.0
CM_Hojas de Roble,75,31,29,5,1,0.0,0,3,11,4,4,0.096774,0.010824,-0.665206,0.032732,-0.436345,0.032258,0.419355,0.0,0.451613,0.032258,0.032258,0.032258,0.0
CM_Hojas de Roble,77,28,28,8,1,0.0,0,4,13,4,4,0.142857,0.050671,-0.428384,0.016238,-0.551131,0.142857,0.285714,0.0,0.535714,0.0,0.0,0.035714,0.0
CM_Hojas de Roble,79,41,40,11,1,0.0,0,3,11,4,4,0.073171,0.009575,-0.672629,0.007055,-0.615042,0.195122,0.292683,0.02439,0.463415,0.0,0.0,0.02439,0.0
CM_Hojas de Roble,81,44,43,12,1,0.0,0,3,10,4,4,0.068182,0.002147,-0.716775,0.009447,-0.598394,0.204545,0.295455,0.0,0.5,0.0,0.0,0.0,0.0
CM_Hojas de Roble,83,30,29,10,1,0.0,0,5,18,6,4,0.166667,0.06019,-0.371811,0.102215,0.047213,0.166667,0.133333,0.0,0.7,0.0,0.0,0.0,0.0
CM_Hojas de Roble,85,39,37,8,1,0.0,0,3,15,7,2,0.076923,0.063691,-0.351003,0.009009,-0.601447,0.128205,0.333333,0.0,0.538462,0.0,0.0,0.0,0.0
CM_Hojas de Roble,87,59,28,9,1,0.0,0,3,10,4,4,0.050847,0.071129,-0.306797,0.119198,0.165409,0.101695,0.135593,0.0,0.762712,0.0,0.0,0.0,0.0
CM_Hojas de Roble,89,34,33,10,1,0.0,0,3,10,4,4,0.088235,0.106623,-0.095847,0.004529,-0.63262,0.205882,0.323529,0.0,0.470588,0.0,0.0,0.0,0.0
CM_Hojas de Roble,91,34,33,9,1,0.0,0,3,10,4,4,0.088235,0.002031,-0.717465,0.004096,-0.635634,0.176471,0.323529,0.0,0.5,0.0,0.0,0.0,0.0
CM_Hojas de Roble,93,44,44,5,1,0.0,0,1,2,2,4,0.022727,0.027937,-0.563499,0.023099,-0.503382,0.045455,0.386364,0.0,0.522727,0.045455,0.0,0.0,0.0
CM_Hojas de Roble,95,42,37,5,1,0.0,0,1,2,2,4,0.02381,0.100639,-0.131411,0.112364,0.117846,0.047619,0.595238,0.0,0.309524,0.047619,0.0,0.0,0.0
CM_Hojas de Roble,97,47,46,7,1,0.0,0,2,4,2,4,0.042553,0.124223,0.008754,0.009332,-0.599196,0.106383,0.361702,0.0,0.531915,0.0,0.0,0.0,0.0
CM_Hojas de Roble,99,42,38,9,1,0.0,0,3,6,2,4,0.071429,0.148104,0.150685,0.118603,0.161268,0.142857,0.595238,0.0,0.261905,0.0,0.0,0.0,0.0
CM_Hojas de Roble,101,35,33,9,1,0.0,0,4,8,2,4,0.114286,0.054515,-0.405539,0.015667,-0.555107,0.142857,0.428571,0.0,0.4,0.0,0.0,0.0,0.028571
CM_Hojas de Roble,103,25,24,6,1,0.0,0,4,13,4,4,0.16,0.016848,-0.629403,0.01345,-0.570534,0.08,0.4,0.04,0.48,0.0,0.0,0.0,0.0
CM_Hojas de Roble,105,21,21,7,1,0.0,0,3,13,7,4,0.142857,0.036377,-0.513337,0.012534,-0.57691,0.190476,0.285714,0.0,0.52381,0.0,0.0,0.0,0.0
CM_Hojas de Roble,107,15,13,6,1,0.0,0,3,16,8,4,0.2,0.161863,0.232459,0.093646,-0.012421,0.2,0.533333,0.0,0.266667,0.0,0.0,0.0,0.0
CM_Hojas de Roble,109,15,15,3,1,0.0,0,3,17,8,4,0.2,0.176826,0.321388,0.042014,-0.37175,0.0,0.4,0.0,0.6,0.0,0.0,0.0,0.0
CM_Hojas de Roble,111,8,8,1,1,0.0,0,1,3,3,4,0.125,0.096262,-0.157425,0.106837,0.079381,0.0,0.625,0.0,0.375,0.0,0.0,0.0,0.0
CM_Hojas de Roble,113,10,10,2,1,0.0,0,1,2,2,4,0.1,0.073802,-0.290911,0.046214,-0.342515,0.0,0.4,0.0,0.5,0.1,0.0,0.0,0.0
CM_Hojas de Roble,115,7,6,2,1,0.0,0,1,2,2,4,0.142857,0.090863,-0.189513,0.149725,0.377859,0.0,0.571429,0.0,0.285714,0.142857,0.0,0.0,0.0
CM_Hojas de Roble,117,12,9,1,1,0.0,0,0,0,0,0,0.0,0.020042,-0.610421,0.102674,0.050411,0.0,0.5,0.0,0.333333,0.083333,0.0,0.083333,0.0
CM_Hojas de Roble,119,35,4,1,1,0.0,0,0,0,0,0,0.0,0.183503,0.361071,0.415359,2.226516,0.0,1.0,0.0,0.0,0.0,0.0,0.0,0.0
CM_Punto Angelines,1,19,18,8,1,0.0,0,0,0,0,0,0.0,,,0.249278,2.242724,0.368421,0.263158,0.0,0.263158,0.0,0.105263,0.0,0.0
CM_Punto Angelines,2,23,15,9,2,0.0,0,1,2,2,6,0.043478,0.432916,1.843398,0.031216,-0.580966,0.130435,0.173913,0.0,0.130435,0.0,0.565217,0.0,0.0
CM_Punto Angelines,3,21,19,9,1,0.0,0,0,0,0,0,0.0,0.29315,1.012732,0.141465,0.846649,0.333333,0.238095,0.0,0.238095,0.0,0.190476,0.0,0.0
CM_Punto Angelines,4,23,13,7,2,0.0,0,1,2,2,6,0.043478,0.347246,1.334239,0.053078,-0.297868,0.086957,0.173913,0.0,0.130435,0.0,0.608696,0.0,0.0
CM_Punto Angelines,1,19,18,8,1,0.0,0,0,0,0,0,0.0,0.494197,2.207607,0.249278,2.242724,0.368421,0.263158,0.0,0.263158,0.0,0.105263,0.0,0.0
CM_Punto Angelines,2,23,15,9,2,0.0,0,1,2,2,6,0.043478,0.432916,1.843398,0.031216,-0.580966,0.130435,0.173913,0.0,0.130435,0.0,0.565217,0.0,0.0
CM_Punto Angelines,3,21,19,9,1,0.0,0,0,0,0,0,0.0,0.29315,1.012732,0.141465,0.846649,0.333333,0.238095,0.0,0.238095,0.0,0.190476,0.0,0.0
CM_Punto Angelines,4,23,13,7,2,0.0,0,1,2,2,6,0.043478,0.347246,1.334239,0.053078,-0.297868,0.086957,0.173913,0.0,0.130435,0.0,0.608696,0.0,0.0
CM_Punto Angelines,1,19,18,8,1,0.0,0,0,0,0,0,0.0,0.494197,2.207607,0.249278,2.242724,0.368421,0.263158,0.0,0.263158,0.0,0.105263,0.0,0.0
CM_Punto Angelines,2,23,15,9,2,0.0,0,1,2,2,6,0.043478,0.432916,1.843398,0.031216,-0.580966,0.130435,0.173913,0.0,0.130435,0.0,0.565217,0.0,0.0
CM_Punto Angelines,3,21,19,9,1,0.0,0,0,0,0,0,0.0,0.29315,1.012732,0.141465,0.846649,0.333333,0.238095,0.0,0.238095,0.0,0.190476,0.0,0.0
CM_Punto Angelines,4,23,13,7,2,0.0,0,1,2,2,6,0.043478,0.347246,1.334239,0.053078,-0.297868,0.086957,0.173913,0.0,0.130435,0.0,0.608696,0.0,0.0
CM_Punto Angelines,1,19,18,8,1,0.0,0,0,0,0,0,0.0,0.494197,2.207607,0.249278,2.242724,0.368421,0.263158,0.0,0.263158,0.0,0.105263,0.0,0.0
CM_Punto Angelines,2,23,15,9,2,0.0,0,1,2,2,6,0.043478,0.432916,1.843398,0.031216,-0.580966,0.130435,0.173913,0.0,0.130435,0.0,0.565217,0.0,0.0
CM_Punto Angelines,3,21,19,9,1,0.0,0,0,0,0,0,0.0,0.29315,1.012732,0.141465,0.846649,0.333333,0.238095,0.0,0.238095,0.0,0.190476,0.0,0.0
CM_Punto Angelines,16,23,15,9,2,0.0,0,1,2,2,6,0.043478,0.347246,1.334239,0.053078,-0.297868,0.086957,0.173913,0.0,0.130435,0.0,0.608696,0.0,0.0
CM_Punto Angelines,17,13,11,7,2,0.0,0,1,3,3,5,0.076923,0.123809,0.006294,0.020908,-0.714435,0.307692,0.153846,0.0,0.153846,0.0,0.384615,0.0,0.0
CM_Punto Angelines,18,18,10,6,2,0.0,0,1,3,3,6,0.055556,0.112261,-0.062339,0.050759,-0.327903,0.111111,0.111111,0.0,0.166667,0.0,0.611111,0.0,0.0
CM_Punto Angelines,19,12,10,6,2,0.0,0,1,3,3,5,0.083333,0.067403,-0.328942,0.003118,-0.9448,0.25,0.166667,0.0,0.166667,0.0,0.416667,0.0,0.0
CM_Punto Angelines,16,23,15,9,2,0.0,0,1,2,2,6,0.043478,0.07418,-0.288664,0.053078,-0.297868,0.086957,0.173913,0.0,0.130435,0.0,0.608696,0.0,0.0
CM_Punto Angelines,17,13,11,7,2,0.0,0,1,3,3,5,0.076923,0.123809,0.006294,0.020908,-0.714435,0.307692,0.153846,0.0,0.153846,0.0,0.384615,0.0,0.0
CM_Punto Angelines,18,18,10,6,2,0.0,0,1,3,3,6,0.055556,0.112261,-0.062339,0.050759,-0.327903,0.111111,0.111111,0.0,0.166667,0.0,0.611111,0.0,0.0
CM_Punto Angelines,19,12,10,6,2,0.0,0,1,3,3,5,0.083333,0.067403,-0.328942,0.003118,-0.9448,0.25,0.166667,0.0,0.166667,0.0,0.416667,0.0,0.0
CM_Punto Angelines,16,23,15,9,2,0.0,0,1,2,2,6,0.043478,0.07418,-0.288664,0.053078,-0.297868,0.086957,0.173913,0.0,0.130435,0.0,0.608696,0.0,0.0
CM_Punto Angelines,17,13,11,7,2,0.0,0,1,3,3,5,0.076923,0.123809,0.006294,0.020908,-0.714435,0.307692,0.153846,0.0,0.153846,0.0,0.384615,0.0,0.0
CM_Punto Angelines,18,18,10,6,2,0.0,0,1,3,3,6,0.055556,0.112261,-0.062339,0.050759,-0.327903,0.111111,0.111111,0.0,0.166667,0.0,0.611111,0.0,0.0
CM_Punto Angelines,19,12,10,6,2,0.0,0,1,3,3,5,0.083333,0.067403,-0.328942,0.003118,-0.9448,0.25,0.166667,0.0,0.166667,0.0,0.416667,0.0,0.0
CM_Punto Angelines,16,23,15,9,2,0.0,0,1,2,2,6,0.043478,0.07418,-0.288664,0.053078,-0.297868,0.086957,0.173913,0.0,0.130435,0.0,0.608696,0.0,0.0
CM_Punto Angelines,17,13,11,7,2,0.0,0,1,3,3,5,0.076923,0.123809,0.006294,0.020908,-0.714435,0.307692,0.153846,0.0,0.153846,0.0,0.384615,0.0,0.0
CM_Punto Angelines,18,18,10,6,2,0.0,0,1,3,3,6,0.055556,0.112261,-0.062339,0.050759,-0.327903,0.111111,0.111111,0.0,0.166667,0.0,0.611111,0.0,0.0
CM_Punto Angelines,19,12,10,6,2,0.0,0,1,3,3,5,0.083333,0.067403,-0.328942,0.003118,-0.9448,0.25,0.166667,0.0,0.166667,0.0,0.416667,0.0,0.0
CM_Pepita,3,2,2,1,1,0.0,0,0,0,0,0,0.0,,,0.205112,1.51428,0.5,0.5,0.0,0.0,0.0,0.0,0.0,0.0
CM_Pepita,9,4,4,2,1,0.0,0,0,0,0,0,0.0,0.0,-0.729536,0.205112,1.51428,0.5,0.5,0.0,0.0,0.0,0.0,0.0,0.0
CM_Pepita,11,5,5,3,1,0.0,0,0,0,0,0,0.0,0.019419,-0.614123,0.262786,2.215517,0.6,0.4,0.0,0.0,0.0,0.0,0.0,0.0
CM_Pepita,13,5,5,3,1,0.0,0,0,0,0,0,0.0,0.0,-0.729536,0.262786,2.215517,0.6,0.4,0.0,0.0,0.0,0.0,0.0,0.0
CM_Pepita,15,10,10,2,1,0.0,0,0,0,0,0,0.0,0.35285,1.367545,0.009286,-0.866709,0.2,0.4,0.0,0.4,0.0,0.0,0.0,0.0
CM_Pepita,17,5,5,3,1,0.0,0,1,2,2,4,0.2,0.111111,-0.069174,0.061632,-0.230245,0.4,0.4,0.0,0.2,0.0,0.0,0.0,0.0
CM_Pepita,19,10,10,4,1,0.0,0,0,0,0,0,0.0,0.0,-0.729536,0.061632,-0.230245,0.4,0.4,0.0,0.2,0.0,0.0,0.0,0.0
CM_Pepita,21,7,7,5,1,0.0,0,1,2,2,4,0.142857,0.054389,-0.406287,0.206851,1.53543,0.571429,0.285714,0.0,0.142857,0.0,0.0,0.0,0.0
CM_Pepita,23,7,7,3,1,0.0,0,1,3,3,4,0.142857,0.206116,0.495466,0.042289,-0.465434,0.285714,0.285714,0.0,0.428571,0.0,0.0,0.0,0.0
CM_Pepita,25,5,5,3,1,0.0,0,1,4,4,4,0.2,0.110703,-0.071599,0.061632,-0.230245,0.4,0.4,0.0,0.2,0.0,0.0,0.0,0.0
CM_Pepita,27,9,9,3,1,0.0,0,1,3,3,4,0.111111,0.245664,0.73051,0.115271,0.421929,0.222222,0.222222,0.0,0.555556,0.0,0.0,0.0,0.0
CM_Pepita,29,15,13,3,1,0.0,0,1,2,2,4,0.066667,0.361343,1.418021,0.090923,0.125888,0.133333,0.666667,0.0,0.2,0.0,0.0,0.0,0.0
CM_Pepita,31,9,9,3,1,0.0,0,1,3,3,4,0.111111,0.361343,1.418021,0.115271,0.421929,0.222222,0.222222,0.0,0.555556,0.0,0.0,0.0,0.0
CM_Pepita,33,11,9,3,1,0.0,0,1,3,3,4,0.090909,0.58461,2.744955,0.213757,1.61939,0.181818,0.818182,0.0,0.0,0.0,0.0,0.0,0.0
CM_Pepita,35,9,8,3,1,0.0,0,1,3,3,4,0.111111,0.194341,0.425484,0.00143,-0.962227,0.222222,0.444444,0.0,0.333333,0.0,0.0,0.0,0.0
CM_Pepita,37,15,14,3,1,0.0,0,1,2,2,4,0.066667,0.039176,-0.496702,0.053114,-0.333815,0.133333,0.6,0.0,0.266667,0.0,0.0,0.0,0.0
CM_Pepita,39,24,19,4,1,0.0,0,0,0,0,0,0.0,0.00494,-0.700176,0.037477,-0.523942,0.166667,0.541667,0.041667,0.25,0.0,0.0,0.0,0.0
CM_Pepita,41,21,21,5,1,0.0,0,0,0,0,0,0.0,0.066732,-0.33293,0.005737,-0.909855,0.238095,0.380952,0.0,0.380952,0.0,0.0,0.0,0.0
CM_Pepita,43,23,21,3,1,0.0,0,0,0,0,0,0.0,0.021368,-0.60254,0.028753,-0.63001,0.130435,0.434783,0.0,0.434783,0.0,0.0,0.0,0.0
CM_Pepita,45,26,24,4,1,0.0,0,0,0,0,0,0.0,0.004759,-0.701252,0.015186,-0.794973,0.153846,0.461538,0.0,0.384615,0.0,0.0,0.0,0.0
CM_Pepita,47,18,17,7,1,0.0,0,0,0,0,0,0.0,0.135322,0.074719,0.068947,-0.141303,0.388889,0.444444,0.0,0.166667,0.0,0.0,0.0,0.0
CM_Pepita,49,18,17,7,1,0.0,0,0,0,0,0,0.0,0.0,-0.729536,0.068947,-0.141303,0.388889,0.444444,0.0,0.166667,0.0,0.0,0.0,0.0
CM_Pepita,51,23,22,6,1,0.0,0,0,0,0,0,0.0,0.048146,-0.443391,0.002311,-0.951509,0.26087,0.434783,0.0,0.304348,0.0,0.0,0.0,0.0
CM_Pepita,53,26,24,4,1,0.0,0,0,0,0,0,0.0,0.024244,-0.585447,0.015186,-0.794973,0.153846,0.461538,0.0,0.384615,0.0,0.0,0.0,0.0
CM_Pepita,55,22,20,6,1,0.0,0,0,0,0,0,0.0,0.078599,-0.262401,0.050122,-0.370193,0.272727,0.545455,0.0,0.181818,0.0,0.0,0.0,0.0
CM_Pepita,57,23,23,6,1,0.0,0,0,0,0,0,0.0,0.065573,-0.339818,0.002314,-0.951477,0.26087,0.391304,0.0,0.347826,0.0,0.0,0.0,0.0
CM_Pepita,59,12,12,3,1,0.0,0,1,3,3,4,0.083333,0.046462,-0.4534,0.054173,-0.320946,0.166667,0.333333,0.0,0.5,0.0,0.0,0.0,0.0
CM_Pepita,61,13,12,3,1,0.0,0,1,4,4,4,0.076923,0.038659,-0.499775,0.015186,-0.794973,0.153846,0.461538,0.0,0.384615,0.0,0.0,0.0,0.0
CM_Pepita,63,14,14,6,1,0.0,0,1,3,3,4,0.071429,0.099211,-0.139898,0.047217,-0.405518,0.357143,0.285714,0.0,0.357143,0.0,0.0,0.0,0.0
CM_Pepita,65,16,16,3,1,0.0,0,1,4,4,4,0.0625,0.106812,-0.094724,0.054692,-0.314628,0.125,0.375,0.0,0.5,0.0,0.0,0.0,0.0
CM_Pepita,67,16,16,6,1,0.0,0,1,3,3,4,0.0625,0.090647,-0.190797,0.011263,-0.842669,0.3125,0.375,0.0,0.3125,0.0,0.0,0.0,0.0
CM_Pepita,69,15,15,4,1,0.0,0,2,7,4,4,0.133333,0.105461,-0.102753,0.074425,-0.074706,0.133333,0.333333,0.0,0.533333,0.0,0.0,0.0,0.0
CM_Pepita,71,12,12,8,1,0.0,0,3,8,3,4,0.25,0.164112,0.245825,0.086522,0.072378,0.416667,0.25,0.0,0.333333,0.0,0.0,0.0,0.0
CM_Pepita,73,14,11,5,1,0.0,0,3,11,4,4,0.214286,0.2302,0.638604,0.226889,1.779062,0.142857,0.142857,0.071429,0.428571,0.0,0.0,0.0,0.214286
CM_Pepita,75,18,18,6,1,0.0,0,3,10,4,4,0.166667,0.125917,0.018822,0.089437,0.107828,0.111111,0.333333,0.0,0.555556,0.0,0.0,0.0,0.0
CM_Pepita,77,18,18,8,1,0.0,0,3,11,5,4,0.166667,0.026965,-0.569275,0.028827,-0.629109,0.222222,0.333333,0.0,0.444444,0.0,0.0,0.0,0.0
CM_Pepita,79,21,21,7,1,0.0,0,2,11,6,2,0.095238,0.004831,-0.700824,0.018378,-0.756163,0.190476,0.380952,0.0,0.428571,0.0,0.0,0.0,0.0
CM_Pepita,81,16,16,6,1,0.0,0,3,15,7,4,0.1875,0.010809,-0.665295,0.054692,-0.314628,0.125,0.375,0.0,0.5,0.0,0.0,0.0,0.0
CM_Pepita,83,22,21,5,1,0.0,0,2,13,7,2,0.090909,0.011377,-0.661919,0.045613,-0.425014,0.090909,0.454545,0.0,0.454545,0.0,0.0,0.0,0.0
CM_Pepita,85,19,18,7,1,0.0,0,2,13,7,2,0.105263,0.060664,-0.368993,0.001398,-0.962615,0.263158,0.421053,0.0,0.315789,0.0,0.0,0.0,0.0
CM_Pepita,87,21,20,7,1,0.0,0,2,13,7,2,0.095238,0.001395,-0.721245,0.000322,-0.975698,0.238095,0.428571,0.0,0.333333,0.0,0.0,0.0,0.0
CM_Pepita,89,20,18,6,1,0.0,0,2,13,7,2,0.1,0.048539,-0.441055,0.05099,-0.359647,0.2,0.55,0.0,0.2,0.0,0.05,0.0,0.0
CM_Pepita,91,10,10,4,1,0.0,0,2,21,11,2,0.2,0.202597,0.474552,0.059644,-0.254422,0.2,0.3,0.0,0.5,0.0,0.0,0.0,0.0
CM_Pepita,93,7,6,3,1,0.0,0,2,25,13,2,0.285714,0.100157,-0.134276,0.210435,1.579006,0.142857,0.142857,0.142857,0.428571,0.0,0.0,0.142857,0.0
CM_Pepita,95,6,6,4,1,0.0,0,2,25,13,2,0.333333,0.110501,-0.072799,0.135574,0.668794,0.333333,0.166667,0.0,0.5,0.0,0.0,0.0,0.0
CM_Pepita,97,6,6,4,1,0.0,0,2,25,13,2,0.333333,0.0,-0.729536,0.135574,0.668794,0.333333,0.166667,0.0,0.5,0.0,0.0,0.0,0.0
CM_Pepita,99,6,6,3,1,0.0,0,2,25,13,2,0.333333,0.055089,-0.402127,0.200634,1.459831,0.166667,0.166667,0.0,0.666667,0.0,0.0,0.0,0.0
CM_Pepita,101,8,8,4,1,0.0,0,2,24,12,2,0.25,0.145718,0.136505,0.005823,-0.908814,0.25,0.375,0.0,0.375,0.0,0.0,0.0,0.0
CM_Pepita,103,10,6,2,1,0.0,0,2,30,15,2,0.2,0.232164,0.650276,0.18672,1.290661,0.0,0.5,0.2,0.2,0.0,0.0,0.1,0.0
CM_Pepita,105,20,20,5,1,0.0,0,2,8,4,2,0.1,0.18246,0.354872,0.021793,-0.714637,0.15,0.4,0.0,0.4,0.0,0.05,0.0,0.0
CM_Pepita,107,16,16,6,1,0.0,0,3,10,4,2,0.1875,0.043071,-0.473553,0.023331,-0.695944,0.1875,0.4375,0.0,0.25,0.0625,0.0625,0.0,0.0
CM_Pepita,109,19,19,5,1,0.0,0,2,6,3,2,0.105263,0.003154,-0.71079,0.028355,-0.634853,0.157895,0.473684,0.0,0.263158,0.052632,0.052632,0.0,0.0
CM_Pepita,111,17,17,5,1,0.0,0,2,5,3,2,0.117647,0.001786,-0.718921,0.032562,-0.583697,0.176471,0.470588,0.0,0.235294,0.058824,0.058824,0.0,0.0
CM_Pepita,113,22,18,3,1,0.0,0,0,0,0,0,0.0,0.116662,-0.036183,0.228462,1.798186,0.136364,0.818182,0.0,0.0,0.0,0.045455,0.0,0.0
CM_Pepita,115,14,14,3,1,0.0,0,0,0,0,0,0.0,0.139029,0.09675,0.100264,0.239472,0.0,0.642857,0.0,0.357143,0.0,0.0,0.0,0.0
CM_Pepita,117,12,12,3,1,0.0,0,0,0,0,0,0.0,0.087991,-0.206582,0.018031,-0.760375,0.25,0.5,0.0,0.25,0.0,0.0,0.0,0.0
CM_Pepita,119,9,8,3,1,0.0,0,0,0,0,0,0.0,0.183503,0.361071,0.28564,2.493393,0.0,1.0,0.0,0.0,0.0,0.0,0.0,0.0
CM_Pepita,121,25,20,6,1,0.0,0,0,0,0,0,0.0,0.311753,1.123294,0.014092,-0.808277,0.24,0.36,0.08,0.28,0.0,0.0,0.04,0.0
CM_Pepita,123,30,29,6,1,0.0,0,0,0,0,0,0.0,0.031356,-0.543179,0.009286,-0.866709,0.2,0.4,0.0,0.4,0.0,0.0,0.0,0.0
CM_Pepita,125,30,29,8,1,0.0,0,0,0,0,0,0.0,0.012342,-0.656184,0.001775,-0.95803,0.266667,0.4,0.0,0.333333,0.0,0.0,0.0,0.0
CM_Pepita,127,34,34,6,1,0.0,0,0,0,0,0,0.0,0.027267,-0.567481,0.02357,-0.69303,0.176471,0.382353,0.0,0.441176,0.0,0.0,0.0,0.0
CM_Pepita,129,37,37,9,1,0.0,0,0,0,0,0,0.0,0.01106,-0.663803,0.005702,-0.910287,0.243243,0.378378,0.0,0.378378,0.0,0.0,0.0,0.0
CM_Pepita,131,23,23,5,1,0.0,0,4,12,3,2,0.173913,0.210683,0.522609,0.27056,2.310037,0.043478,0.173913,0.0,0.782609,0.0,0.0,0.0,0.0
CM_Pepita,133,14,14,7,1,0.0,0,4,12,3,2,0.285714,0.299918,1.052956,0.034696,-0.557757,0.214286,0.357143,0.0,0.285714,0.0,0.142857,0.0,0.0
CM_Copas de champán,3,1,1,1,1,0.0,0,0,0,0,0,0.0,,,0.590836,5.845759,1.0,0.0,0.0,0.0,0.0,0.0,0.0,0.0
CM_Copas de champán,5,4,4,0,0,0.0,0,0,0,0,0,0.0,1.0,5.213727,0.112168,0.576106,0.0,0.5,0.0,0.5,0.0,0.0,0.0,0.0
CM_Copas de champán,7,4,4,2,1,0.0,0,0,0,0,0,0.0,0.5,2.242096,0.161903,1.123639,0.5,0.5,0.0,0.0,0.0,0.0,0.0,0.0
CM_Copas de champán,9,4,4,2,1,0.0,0,0,0,0,0,0.0,0.0,-0.729536,0.161903,1.123639,0.5,0.5,0.0,0.0,0.0,0.0,0.0,0.0
CM_Copas de champán,11,5,5,3,1,0.0,0,0,0,0,0,0.0,0.019419,-0.614123,0.229061,1.86298,0.6,0.4,0.0,0.0,0.0,0.0,0.0,0.0
CM_Copas de champán,13,5,5,3,1,0.0,0,0,0,0,0,0.0,0.0,-0.729536,0.229061,1.86298,0.6,0.4,0.0,0.0,0.0,0.0,0.0,0.0
CM_Copas de champán,15,10,10,2,1,0.0,0,0,0,0,0,0.0,0.35285,1.367545,0.026556,-0.366398,0.2,0.4,0.0,0.4,0.0,0.0,0.0,0.0
CM_Copas de champán,17,5,5,3,1,0.0,0,1,2,2,4,0.2,0.111111,-0.069174,0.050002,-0.108289,0.4,0.4,0.0,0.2,0.0,0.0,0.0,0.0
CM_Copas de champán,19,10,10,4,1,0.0,0,0,0,0,0,0.0,0.0,-0.729536,0.050002,-0.108289,0.4,0.4,0.0,0.2,0.0,0.0,0.0,0.0
CM_Copas de champán,21,15,15,4,1,0.0,0,0,0,0,0,0.0,0.037037,-0.509415,0.001418,-0.643149,0.266667,0.466667,0.0,0.266667,0.0,0.0,0.0,0.0
CM_Copas de champán,23,19,19,2,1,0.0,0,0,0,0,0,0.0,0.089742,-0.196175,0.070786,0.120531,0.105263,0.421053,0.0,0.473684,0.0,0.0,0.0,0.0
CM_Copas de champán,25,19,19,3,1,0.0,0,0,0,0,0,0.0,0.006118,-0.693175,0.036954,-0.251926,0.157895,0.421053,0.0,0.421053,0.0,0.0,0.0,0.0
CM_Copas de champán,27,20,19,4,1,0.0,0,0,0,0,0,0.0,0.003249,-0.710226,0.026556,-0.366398,0.2,0.4,0.0,0.4,0.0,0.0,0.0,0.0
CM_Copas de champán,29,22,21,6,1,0.0,0,0,0,0,0,0.0,0.0109,-0.664754,0.023941,-0.395189,0.272727,0.363636,0.0,0.363636,0.0,0.0,0.0,0.0
CM_Copas de champán,31,14,13,4,1,0.0,0,2,4,2,4,0.142857,0.079843,-0.255008,0.153461,1.030696,0.142857,0.285714,0.0,0.571429,0.0,0.0,0.0,0.0
CM_Copas de champán,33,25,25,5,1,0.0,0,0,0,0,0,0.0,0.127949,0.030899,0.004554,-0.608621,0.2,0.48,0.0,0.32,0.0,0.0,0.0,0.0
CM_Copas de champán,35,21,21,7,1,0.0,0,0,0,0,0,0.0,0.039313,-0.495888,0.021033,-0.427206,0.333333,0.380952,0.0,0.285714,0.0,0.0,0.0,0.0
CM_Copas de champán,37,31,29,7,1,0.0,0,0,0,0,0,0.0,0.072358,-0.299493,0.025371,-0.379445,0.225806,0.580645,0.0,0.193548,0.0,0.0,0.0,0.0
CM_Copas de champán,39,17,17,7,1,0.0,0,2,4,2,4,0.117647,0.101319,-0.12737,0.027367,-0.35747,0.294118,0.352941,0.0,0.352941,0.0,0.0,0.0,0.0
CM_Copas de champán,41,20,19,8,1,0.0,0,2,4,2,4,0.1,0.061148,-0.366117,0.015817,-0.484624,0.3,0.5,0.0,0.2,0.0,0.0,0.0,0.0
CM_Copas de champán,43,29,27,9,1,0.0,0,0,0,0,0,0.0,0.000547,-0.726285,0.015101,-0.492513,0.310345,0.482759,0.0,0.206897,0.0,0.0,0.0,0.0
CM_Copas de champán,45,27,25,8,1,0.0,0,0,0,0,0,0.0,0.000576,-0.726112,0.009866,-0.550137,0.296296,0.481481,0.0,0.222222,0.0,0.0,0.0,0.0
CM_Copas de champán,47,29,27,7,1,0.0,0,0,0,0,0,0.0,0.008002,-0.681978,0.000744,-0.650566,0.241379,0.482759,0.0,0.275862,0.0,0.0,0.0,0.0
CM_Copas de champán,49,49,47,7,1,0.0,0,0,0,0,0,0.0,0.059473,-0.376072,0.052717,-0.078397,0.142857,0.408163,0.0,0.44898,0.0,0.0,0.0,0.0
CM_Copas de champán,51,40,39,12,1,0.0,0,0,0,0,0,0.0,0.06236,-0.358914,0.010397,-0.544294,0.3,0.4,0.0,0.3,0.0,0.0,0.0,0.0
CM_Copas de champán,53,34,32,10,1,0.0,0,0,0,0,0,0.0,0.024852,-0.581834,0.013708,-0.507843,0.294118,0.5,0.0,0.205882,0.0,0.0,0.0,0.0
CM_Copas de champán,55,31,30,6,2,0.0,0,1,3,3,10,0.032258,0.043598,-0.470421,0.013103,-0.5145,0.16129,0.483871,0.0,0.322581,0.0,0.0,0.0,0.032258
CM_Copas de champán,57,34,31,7,2,0.0,0,1,3,3,10,0.029412,0.044147,-0.467158,0.045625,-0.156468,0.176471,0.617647,0.0,0.176471,0.0,0.0,0.0,0.029412
CM_Copas de champán,59,31,30,3,1,0.0,0,1,4,4,9,0.032258,0.077273,-0.270282,0.056027,-0.041956,0.064516,0.516129,0.0,0.387097,0.0,0.0,0.0,0.032258
CM_Copas de champán,61,15,13,5,2,0.0,0,1,6,6,6,0.066667,0.223635,0.599586,0.130515,0.778082,0.266667,0.666667,0.0,0.0,0.0,0.0,0.0,0.066667
CM_Copas de champán,63,15,14,3,1,0.0,0,1,6,6,8,0.066667,0.107543,-0.090379,0.028973,-0.33979,0.133333,0.533333,0.0,0.266667,0.0,0.0,0.0,0.066667
CM_Copas de champán,65,12,12,4,1,0.0,0,1,12,12,4,0.083333,0.048963,-0.438536,0.006386,-0.588451,0.25,0.416667,0.0,0.333333,0.0,0.0,0.0,0.0
CM_Copas de champán,67,24,22,3,1,0.0,0,1,10,10,4,0.041667,0.050529,-0.429228,0.04483,-0.165227,0.083333,0.541667,0.0,0.375,0.0,0.0,0.0,0.0
CM_Copas de champán,69,24,22,6,1,0.0,0,1,9,9,4,0.041667,0.036004,-0.515554,0.010144,-0.547078,0.208333,0.541667,0.0,0.25,0.0,0.0,0.0,0.0
CM_Copas de champán,71,28,26,5,1,0.0,0,1,8,8,4,0.035714,0.011537,-0.660968,0.019558,-0.443446,0.142857,0.535714,0.0,0.321429,0.0,0.0,0.0,0.0
CM_Copas de champán,73,32,30,6,1,0.0,0,1,7,7,4,0.03125,0.000311,-0.727687,0.015371,-0.489539,0.15625,0.53125,0.0,0.3125,0.0,0.0,0.0,0.0
CM_Copas de champán,75,29,27,6,1,0.0,0,2,8,6,4,0.068966,0.001946,-0.71797,0.021297,-0.424296,0.137931,0.517241,0.0,0.344828,0.0,0.0,0.0,0.0
CM_Copas de champán,77,32,30,6,1,0.0,0,1,5,5,4,0.03125,0.008767,-0.677431,0.040122,-0.217054,0.09375,0.53125,0.0,0.3125,0.0625,0.0,0.0,0.0
CM_Copas de champán,79,26,24,7,1,0.0,0,3,10,4,4,0.115385,0.003259,-0.710166,0.050421,-0.103671,0.076923,0.5,0.0,0.346154,0.076923,0.0,0.0,0.0
CM_Copas de champán,81,26,24,8,1,0.0,0,3,9,3,4,0.115385,0.003686,-0.707629,0.032021,-0.306241,0.115385,0.5,0.0,0.307692,0.076923,0.0,0.0,0.0
CM_Copas de champán,83,26,24,7,1,0.0,0,3,10,4,4,0.115385,0.003686,-0.707629,0.050421,-0.103671,0.076923,0.5,0.0,0.346154,0.076923,0.0,0.0,0.0
CM_Copas de champán,85,21,20,8,1,0.0,0,3,10,4,4,0.142857,0.010539,-0.666899,0.025531,-0.377686,0.142857,0.47619,0.0,0.285714,0.095238,0.0,0.0,0.0
CM_Copas de champán,87,24,22,6,1,0.0,0,2,10,5,2,0.083333,0.02334,-0.59082,0.04483,-0.165227,0.083333,0.541667,0.0,0.375,0.0,0.0,0.0,0.0
CM_Copas de champán,89,20,20,7,1,0.0,0,2,10,5,2,0.1,0.006638,-0.690084,0.017898,-0.461714,0.15,0.5,0.0,0.35,0.0,0.0,0.0,0.0
CM_Copas de champán,91,19,18,6,1,0.0,0,2,12,6,2,0.105263,0.02619,-0.573881,0.047451,-0.136371,0.105263,0.631579,0.0,0.263158,0.0,0.0,0.0,0.0
CM_Copas de champán,93,16,16,7,1,0.0,0,2,12,6,2,0.125,0.022278,-0.597132,0.013239,-0.513004,0.1875,0.5,0.0,0.25,0.0,0.0625,0.0,0.0
CM_Copas de champán,95,13,13,6,1,0.0,0,2,12,6,2,0.153846,0.035514,-0.518466,0.061022,0.013037,0.153846,0.384615,0.076923,0.230769,0.0,0.153846,0.0,0.0
CM_Copas de champán,97,28,28,12,1,0.0,0,2,12,6,2,0.071429,0.14438,0.128553,0.067754,0.087149,0.357143,0.285714,0.035714,0.321429,0.0,0.0,0.0,0.0
CM_Copas de champán,99,35,35,12,1,0.0,0,2,12,6,2,0.057143,0.019621,-0.612923,0.05284,-0.077045,0.285714,0.314286,0.0,0.4,0.0,0.0,0.0,0.0
CM_Copas de champán,101,36,36,15,1,0.0,0,2,12,6,2,0.055556,0.018103,-0.621945,0.036358,-0.25849,0.333333,0.333333,0.0,0.305556,0.027778,0.0,0.0,0.0
CM_Copas de champán,103,59,50,11,1,0.0,0,2,12,6,2,0.033898,0.111154,-0.068918,0.025726,-0.375537,0.135593,0.508475,0.067797,0.271186,0.016949,0.0,0.0,0.0
CM_Copas de champán,105,52,49,11,1,0.0,0,2,12,6,2,0.038462,0.041234,-0.484471,0.032825,-0.297383,0.153846,0.423077,0.0,0.403846,0.019231,0.0,0.0,0.0
CM_Hojas y cactus,1,2,2,0,0,0.0,0,0,0,0,0,0.0,,,0.28338,3.077963,0.0,0.5,0.0,0.5,0.0,0.0,0.0,0.0
CM_Hojas y cactus,3,2,2,1,1,0.0,0,0,0,0,0,0.0,0.5,2.242096,0.064504,-0.227359,0.5,0.5,0.0,0.0,0.0,0.0,0.0,0.0
CM_Hojas y cactus,5,2,2,1,1,0.0,0,0,0,0,0,0.0,0.0,-0.729536,0.064504,-0.227359,0.5,0.5,0.0,0.0,0.0,0.0,0.0,0.0
CM_Hojas y cactus,7,2,2,1,1,0.0,0,0,0,0,0,0.0,0.0,-0.729536,0.064504,-0.227359,0.5,0.5,0.0,0.0,0.0,0.0,0.0,0.0
CM_Hojas y cactus,9,2,2,1,1,0.0,0,0,0,0,0,0.0,0.0,-0.729536,0.064504,-0.227359,0.5,0.5,0.0,0.0,0.0,0.0,0.0,0.0
CM_Hojas y cactus,11,2,2,1,1,0.0,0,0,0,0,0,0.0,0.0,-0.729536,0.064504,-0.227359,0.5,0.5,0.0,0.0,0.0,0.0,0.0,0.0
CM_Hojas y cactus,13,2,2,1,1,0.0,0,0,0,0,0,0.0,0.0,-0.729536,0.064504,-0.227359,0.5,0.5,0.0,0.0,0.0,0.0,0.0,0.0
CM_Hojas y cactus,15,2,2,1,1,0.0,0,0,0,0,0,0.0,0.0,-0.729536,0.064504,-0.227359,0.5,0.5,0.0,0.0,0.0,0.0,0.0,0.0
CM_Hojas y cactus,17,2,2,1,1,0.0,0,0,0,0,0,0.0,0.0,-0.729536,0.064504,-0.227359,0.5,0.5,0.0,0.0,0.0,0.0,0.0,0.0
CM_Hojas y cactus,19,2,2,1,1,0.0,0,0,0,0,0,0.0,0.0,-0.729536,0.064504,-0.227359,0.5,0.5,0.0,0.0,0.0,0.0,0.0,0.0
CM_Hojas y cactus,21,6,6,2,1,0.0,0,0,0,0,0,0.0,0.183503,0.361071,0.033446,-0.696381,0.333333,0.333333,0.0,0.333333,0.0,0.0,0.0,0.0
CM_Hojas y cactus,23,6,6,3,1,0.0,0,0,0,0,0,0.0,0.07418,-0.288664,0.022418,-0.862924,0.5,0.333333,0.0,0.166667,0.0,0.0,0.0,0.0
CM_Hojas y cactus,25,6,6,3,1,0.0,0,0,0,0,0,0.0,0.0,-0.729536,0.022418,-0.862924,0.5,0.333333,0.0,0.166667,0.0,0.0,0.0,0.0
CM_Hojas y cactus,27,7,6,1,1,0.0,0,0,0,0,0,0.0,0.358467,1.400928,0.260278,2.729091,0.142857,0.285714,0.0,0.571429,0.0,0.0,0.0,0.0
CM_Hojas y cactus,29,8,8,2,1,0.0,0,0,0,0,0,0.0,0.198217,0.44852,0.046151,-0.504526,0.25,0.5,0.0,0.25,0.0,0.0,0.0,0.0
CM_Hojas y cactus,31,5,5,3,1,0.0,0,0,0,0,0,0.0,0.207406,0.503133,0.082901,0.050453,0.6,0.4,0.0,0.0,0.0,0.0,0.0,0.0
CM_Hojas y cactus,33,16,11,2,1,0.0,0,0,0,0,0,0.0,0.419657,1.764596,0.239225,2.411166,0.125,0.375,0.0,0.1875,0.0,0.0,0.3125,0.0
CM_Hojas y cactus,35,10,10,4,1,0.0,0,0,0,0,0,0.0,0.263765,0.838089,0.000963,-1.186921,0.4,0.4,0.0,0.2,0.0,0.0,0.0,0.0
CM_Hojas y cactus,37,16,14,3,1,0.0,0,0,0,0,0,0.0,0.110111,-0.075117,0.110851,0.472542,0.1875,0.625,0.0,0.1875,0.0,0.0,0.0,0.0
CM_Hojas y cactus,39,13,12,3,1,0.0,0,0,0,0,0,0.0,0.210288,0.520261,0.137278,0.871621,0.230769,0.307692,0.0,0.461538,0.0,0.0,0.0,0.0
CM_Hojas y cactus,41,14,12,1,1,0.0,0,0,0,0,0,0.0,0.255322,0.78791,0.20507,1.895372,0.071429,0.714286,0.0,0.214286,0.0,0.0,0.0,0.0
CM_Hojas y cactus,43,10,10,3,1,0.0,0,0,0,0,0,0.0,0.149709,0.160224,0.025085,-0.822652,0.3,0.4,0.0,0.3,0.0,0.0,0.0,0.0
CM_Hojas y cactus,45,17,15,3,1,0.0,0,0,0,0,0,0.0,0.064303,-0.347366,0.1047,0.379646,0.176471,0.588235,0.0,0.235294,0.0,0.0,0.0,0.0
CM_Hojas y cactus,47,13,11,5,1,0.0,0,0,0,0,0,0.0,0.261055,0.821983,0.10085,0.321503,0.384615,0.307692,0.0,0.076923,0.0,0.0,0.230769,0.0
CM_Hojas y cactus,49,12,12,6,1,0.0,0,0,0,0,0,0.0,0.101823,-0.124375,0.022418,-0.862924,0.5,0.333333,0.0,0.166667,0.0,0.0,0.0,0.0
CM_Hojas y cactus,51,17,17,7,1,0.0,0,0,0,0,0,0.0,0.069228,-0.318095,0.066581,-0.195995,0.411765,0.235294,0.0,0.352941,0.0,0.0,0.0,0.0
CM_Hojas y cactus,53,17,17,7,1,0.0,0,0,0,0,0,0.0,0.0,-0.729536,0.066581,-0.195995,0.411765,0.235294,0.0,0.352941,0.0,0.0,0.0,0.0
CM_Hojas y cactus,55,14,14,6,1,0.0,0,0,0,0,0,0.0,0.010539,-0.666899,0.027697,-0.7832,0.428571,0.285714,0.0,0.285714,0.0,0.0,0.0,0.0
CM_Hojas y cactus,57,20,17,6,1,0.0,0,0,0,0,0,0.0,0.069008,-0.319403,0.106805,0.411441,0.3,0.2,0.05,0.3,0.0,0.0,0.15,0.0
CM_Hojas y cactus,59,16,16,8,1,0.0,0,0,0,0,0,0.0,0.092735,-0.178387,0.046827,-0.49431,0.5,0.25,0.0,0.25,0.0,0.0,0.0,0.0
CM_Hojas y cactus,61,13,13,6,1,0.0,0,0,0,0,0,0.0,0.006854,-0.6888,0.018382,-0.923878,0.461538,0.307692,0.0,0.230769,0.0,0.0,0.0,0.0
CM_Hojas y cactus,51,17,17,7,1,0.0,0,0,0,0,0,0.0,0.031749,-0.540843,0.066581,-0.195995,0.411765,0.235294,0.0,0.352941,0.0,0.0,0.0,0.0
CM_Hojas y cactus,53,17,17,7,1,0.0,0,0,0,0,0,0.0,0.0,-0.729536,0.066581,-0.195995,0.411765,0.235294,0.0,0.352941,0.0,0.0,0.0,0.0
CM_Hojas y cactus,55,14,14,6,1,0.0,0,0,0,0,0,0.0,0.010539,-0.666899,0.027697,-0.7832,0.428571,0.285714,0.0,0.285714,0.0,0.0,0.0,0.0
CM_Hojas y cactus,57,20,17,6,1,0.0,0,0,0,0,0,0.0,0.069008,-0.319403,0.106805,0.411441,0.3,0.2,0.05,0.3,0.0,0.0,0.15,0.0
CM_Hojas y cactus,59,16,16,8,1,0.0,0,0,0,0,0,0.0,0.092735,-0.178387,0.046827,-0.49431,0.5,0.25,0.0,0.25,0.0,0.0,0.0,0.0
CM_Hojas y cactus,61,13,13,6,1,0.0,0,0,0,0,0,0.0,0.006854,-0.6888,0.018382,-0.923878,0.461538,0.307692,0.0,0.230769,0.0,0.0,0.0,0.0
CM_Abouchete,1,3,3,0,0,0.0,0,0,0,0,0,0.0,,,0.063971,-0.101535,0.0,0.666667,0.0,0.333333,0.0,0.0,0.0,0.0
CM_Abouchete,3,1,1,1,1,0.0,0,0,0,0,0,0.0,1.0,5.213727,0.649857,5.24394,1.0,0.0,0.0,0.0,0.0,0.0,0.0,0.0
CM_Abouchete,5,5,3,0,0,0.0,0,0,0,0,0,0.0,1.0,5.213727,0.705166,5.748559,0.0,0.0,0.4,0.4,0.0,0.0,0.2,0.0
CM_Abouchete,7,11,11,0,0,0.0,0,0,0,0,0,0.0,0.573211,2.677208,0.086509,0.1041,0.0,0.545455,0.0,0.454545,0.0,0.0,0.0,0.0
CM_Abouchete,9,12,11,4,1,0.0,0,0,0,0,0,0.0,0.312881,1.129998,0.098681,0.215152,0.333333,0.666667,0.0,0.0,0.0,0.0,0.0,0.0
CM_Abouchete,11,16,15,0,0,0.0,0,0,0,0,0,0.0,0.367544,1.454875,0.108769,0.307191,0.0,0.5,0.0,0.5,0.0,0.0,0.0,0.0
CM_Abouchete,13,16,15,0,0,0.0,0,0,0,0,0,0.0,0.0,-0.729536,0.108769,0.307191,0.0,0.5,0.0,0.5,0.0,0.0,0.0,0.0
CM_Abouchete,15,15,15,1,1,0.0,0,0,0,0,0,0.0,0.014963,-0.640606,0.127551,0.478551,0.066667,0.4,0.0,0.533333,0.0,0.0,0.0,0.0
CM_Abouchete,17,11,11,1,1,0.0,0,0,0,0,0,0.0,0.07763,-0.26816,0.345406,2.466205,0.090909,0.181818,0.0,0.727273,0.0,0.0,0.0,0.0
CM_Abouchete,19,17,17,0,0,0.0,0,0,0,0,0,0.0,0.039216,-0.496465,0.225766,1.374637,0.0,0.352941,0.0,0.647059,0.0,0.0,0.0,0.0
CM_Abouchete,21,14,13,4,1,0.0,0,0,0,0,0,0.0,0.390451,1.591017,0.027059,-0.438313,0.285714,0.571429,0.0,0.142857,0.0,0.0,0.0,0.0
CM_Abouchete,23,14,13,4,1,0.0,0,0,0,0,0,0.0,0.047619,-0.446523,0.114176,0.356519,0.285714,0.571429,0.0,0.0,0.0,0.142857,0.0,0.0
CM_Abouchete,25,18,16,4,1,0.0,0,0,0,0,0,0.0,0.152193,0.174987,0.007658,-0.615324,0.222222,0.444444,0.0,0.277778,0.0,0.0,0.055556,0.0
CM_Abouchete,27,17,16,4,1,0.0,0,0,0,0,0,0.0,0.013809,-0.647465,0.004838,-0.641046,0.235294,0.470588,0.0,0.235294,0.0,0.058824,0.0,0.0
CM_Abouchete,29,17,16,4,1,0.0,0,0,0,0,0,0.0,0.0,-0.729536,0.004838,-0.641046,0.235294,0.470588,0.0,0.235294,0.0,0.058824,0.0,0.0
CM_Abouchete,31,16,16,5,1,0.0,0,0,0,0,0,0.0,0.022795,-0.594059,0.03914,-0.328082,0.3125,0.375,0.0,0.25,0.0,0.0625,0.0,0.0
CM_Abouchete,33,12,12,5,1,0.0,0,0,0,0,0,0.0,0.098496,-0.144148,0.239856,1.503192,0.416667,0.166667,0.0,0.333333,0.0,0.083333,0.0,0.0
CM_Abouchete,35,18,18,2,1,0.0,0,0,0,0,0,0.0,0.212423,0.53295,0.133171,0.52983,0.111111,0.333333,0.0,0.5,0.0,0.055556,0.0,0.0
CM_Abouchete,37,19,18,4,1,0.0,0,0,0,0,0,0.0,0.070927,-0.307998,0.014786,-0.550289,0.210526,0.421053,0.0,0.315789,0.0,0.052632,0.0,0.0
CM_Abouchete,39,16,14,4,1,0.0,0,0,0,0,0,0.0,0.132687,0.059058,0.096115,0.191736,0.25,0.5,0.0,0.0625,0.0,0.1875,0.0,0.0
CM_Abouchete,41,17,14,4,1,0.0,0,0,0,0,0,0.0,0.06957,-0.316063,0.100881,0.235224,0.235294,0.705882,0.0,0.0,0.0,0.0,0.058824,0.0
CM_Abouchete,43,20,18,4,1,0.0,0,0,0,0,0,0.0,0.049503,-0.435326,0.012309,-0.572887,0.2,0.6,0.0,0.2,0.0,0.0,0.0,0.0
CM_Abouchete,45,20,18,4,1,0.0,0,0,0,0,0,0.0,0.0,-0.729536,0.012309,-0.572887,0.2,0.6,0.0,0.2,0.0,0.0,0.0,0.0
CM_Abouchete,47,18,18,6,1,0.0,0,0,0,0,0,0.0,0.048183,-0.443171,0.027611,-0.433278,0.333333,0.444444,0.0,0.222222,0.0,0.0,0.0,0.0
CM_Abouchete,49,22,21,6,1,0.0,0,0,0,0,0,0.0,0.00886,-0.676878,0.009237,-0.600914,0.272727,0.454545,0.0,0.272727,0.0,0.0,0.0,0.0
CM_Abouchete,51,17,17,6,1,0.0,0,0,0,0,0,0.0,0.030111,-0.550578,0.063362,-0.107089,0.352941,0.352941,0.0,0.235294,0.0,0.058824,0.0,0.0
CM_Abouchete,53,17,17,5,1,0.058824,0,1,3,3,2,0.058824,0.071831,-0.302625,0.065593,-0.086734,0.235294,0.352941,0.0,0.411765,0.0,0.0,0.0,0.0
CM_Abouchete,55,16,16,4,2,0.0,0,1,2,2,6,0.0625,0.014963,-0.640606,0.127667,0.479612,0.1875,0.3125,0.0,0.5,0.0,0.0,0.0,0.0
CM_Abouchete,57,16,14,3,1,0.0625,0,1,5,5,2,0.0625,0.068896,-0.320068,0.026489,-0.443506,0.125,0.5,0.0,0.375,0.0,0.0,0.0,0.0
CM_Abouchete,59,12,11,3,2,0.0,0,1,5,5,5,0.083333,0.084791,-0.2256,0.038555,-0.333419,0.166667,0.416667,0.0,0.166667,0.0,0.083333,0.083333,0.083333
CM_Abouchete,61,8,8,3,1,0.125,0,1,9,9,2,0.125,0.04742,-0.447706,0.002581,-0.66164,0.25,0.5,0.0,0.25,0.0,0.0,0.0,0.0
CM_Abouchete,63,11,11,4,2,0.0,0,1,4,4,5,0.090909,0.00854,-0.67878,0.014037,-0.557124,0.272727,0.545455,0.0,0.181818,0.0,0.0,0.0,0.0
CM_Abouchete,65,11,11,3,1,0.090909,0,1,9,9,2,0.090909,0.062981,-0.355223,0.019934,-0.503317,0.181818,0.454545,0.0,0.363636,0.0,0.0,0.0,0.0
CM_Abouchete,67,8,8,3,2,0.0,0,1,5,5,5,0.125,0.026271,-0.5734,0.002581,-0.66164,0.25,0.5,0.0,0.25,0.0,0.0,0.0,0.0
CM_Abouchete,69,9,9,2,1,0.111111,0,1,11,11,2,0.111111,0.07613,-0.277075,0.061424,-0.124769,0.111111,0.444444,0.0,0.444444,0.0,0.0,0.0,0.0
CM_Abouchete,71,4,4,1,2,0.0,0,1,5,5,7,0.25,0.339422,1.287739,0.592678,4.72225,0.0,0.0,0.0,0.75,0.0,0.0,0.0,0.25
CM_Abouchete,73,8,7,1,1,0.125,0,1,13,13,2,0.125,0.7,3.430748,0.074826,-0.0025,0.0,0.75,0.0,0.25,0.0,0.0,0.0,0.0
CM_Abouchete,75,1,1,1,2,0.0,0,1,8,8,6,1.0,0.051317,-0.424545,0.167366,0.841818,0.0,1.0,0.0,0.0,0.0,0.0,0.0,0.0
CM_Abouchete,77,1,1,1,1,1.0,0,1,15,15,2,1.0,0.0,-0.729536,0.167366,0.841818,0.0,1.0,0.0,0.0,0.0,0.0,0.0,0.0
CM_Abouchete,79,1,1,1,2,0.0,0,1,8,8,5,1.0,0.0,-0.729536,0.167366,0.841818,0.0,1.0,0.0,0.0,0.0,0.0,0.0,0.0
CM_Abouchete,81,1,1,1,1,0.0,0,1,16,16,3,1.0,0.0,-0.729536,0.167366,0.841818,0.0,1.0,0.0,0.0,0.0,0.0,0.0,0.0
CM_Abouchete,83,2,1,1,2,0.0,0,1,8,8,6,0.5,0.292893,1.011205,0.399667,2.961266,0.0,0.5,0.0,0.0,0.0,0.0,0.5,0.0
CM_Abouchete,85,6,6,4,1,0.333333,0,2,14,7,2,0.333333,0.367544,1.454875,0.098681,0.215152,0.333333,0.666667,0.0,0.0,0.0,0.0,0.0,0.0
CM_Abouchete,87,5,5,2,2,0.0,0,1,3,3,6,0.2,0.05612,-0.396,0.132678,0.525333,0.2,0.6,0.0,0.0,0.0,0.2,0.0,0.0
CM_Abouchete,89,11,11,3,1,0.090909,0,1,5,5,2,0.090909,0.138539,0.093838,0.002949,-0.658286,0.181818,0.545455,0.0,0.272727,0.0,0.0,0.0,0.0
CM_Abouchete,91,17,16,5,1,0.0,0,0,0,0,0,0.0,0.074614,-0.286085,0.065317,-0.089257,0.294118,0.588235,0.0,0.058824,0.0,0.058824,0.0,0.0
CM_Abouchete,93,21,21,3,1,0.0,0,1,3,3,3,0.047619,0.223647,0.599657,0.053305,-0.198844,0.095238,0.47619,0.0,0.428571,0.0,0.0,0.0,0.0
CM_Abouchete,95,24,22,7,1,0.0,0,0,0,0,0,0.0,0.165021,0.251228,0.034274,-0.372483,0.291667,0.583333,0.0,0.125,0.0,0.0,0.0,0.0
CM_Abouchete,97,24,22,6,1,0.0,0,0,0,0,0,0.0,0.003913,-0.70628,0.017733,-0.523399,0.25,0.583333,0.0,0.166667,0.0,0.0,0.0,0.0
CM_Abouchete,99,21,20,6,1,0.0,0,0,0,0,0,0.0,0.019117,-0.615918,0.009662,-0.597035,0.285714,0.47619,0.0,0.238095,0.0,0.0,0.0,0.0
CM_Abouchete,101,17,16,6,1,0.0,0,0,0,0,0,0.0,0.011116,-0.66347,0.037845,-0.339906,0.352941,0.470588,0.0,0.176471,0.0,0.0,0.0,0.0
CM_Abouchete,103,16,15,6,1,0.0,0,0,0,0,0,0.0,0.004421,-0.70326,0.056932,-0.165753,0.375,0.5,0.0,0.125,0.0,0.0,0.0,0.0
CM_Abouchete,105,20,19,5,1,0.0,0,0,0,0,0,0.0,0.098496,-0.144148,0.02905,-0.420148,0.25,0.4,0.0,0.35,0.0,0.0,0.0,0.0
CM_Abouchete,107,19,18,4,1,0.0,0,0,0,0,0,0.0,0.003179,-0.710642,0.026579,-0.442693,0.210526,0.421053,0.0,0.368421,0.0,0.0,0.0,0.0
CM_Abouchete,109,19,16,4,1,0.0,0,0,0,0,0,0.0,0.021161,-0.60377,0.011695,-0.578484,0.210526,0.421053,0.052632,0.263158,0.0,0.0,0.052632,0.0
CM_Abouchete,111,16,16,5,1,0.0,0,0,0,0,0,0.0,0.03674,-0.51118,0.03914,-0.328082,0.3125,0.375,0.0,0.25,0.0,0.0625,0.0,0.0
CM_Abouchete,113,24,24,4,1,0.0,0,0,0,0,0,0.0,0.058531,-0.38167,0.033116,-0.383046,0.166667,0.416667,0.0,0.375,0.0,0.041667,0.0,0.0
CM_Abouchete,115,25,24,8,1,0.0,0,0,0,0,0,0.0,0.104557,-0.108126,0.031179,-0.400718,0.32,0.48,0.0,0.16,0.0,0.04,0.0,0.0
CM_Abouchete,117,25,24,8,1,0.0,0,0,0,0,0,0.0,0.0,-0.729536,0.031179,-0.400718,0.32,0.48,0.0,0.16,0.0,0.04,0.0,0.0
CM_Abouchete,119,23,22,8,1,0.0,0,0,0,0,0,0.0,0.003986,-0.705846,0.0436,-0.287394,0.347826,0.434783,0.0,0.173913,0.0,0.043478,0.0,0.0
CM_Abouchete,121,19,18,6,1,0.0,0,0,0,0,0,0.0,0.003595,-0.708169,0.029137,-0.419355,0.315789,0.421053,0.0,0.210526,0.0,0.052632,0.0,0.0
CM_Abouchete,123,21,20,6,1,0.0,0,0,0,0,0,0.0,0.005939,-0.694238,0.016376,-0.53578,0.285714,0.47619,0.0,0.190476,0.0,0.047619,0.0,0.0
CM_Abouchete,125,25,24,7,1,0.0,0,0,0,0,0,0.0,0.036141,-0.51474,0.027074,-0.438177,0.28,0.4,0.0,0.32,0.0,0.0,0.0,0.0
CM_Abouchete,127,30,28,6,1,0.0,0,0,0,0,0,0.0,0.014759,-0.641819,0.010184,-0.592271,0.2,0.466667,0.0,0.333333,0.0,0.0,0.0,0.0
CM_Abouchete,129,29,28,6,1,0.0,0,0,0,0,0,0.0,0.004706,-0.701567,0.021743,-0.486808,0.206897,0.413793,0.0,0.344828,0.0,0.034483,0.0,0.0
CM_Abouchete,131,26,23,5,1,0.038462,0,1,3,3,2,0.038462,0.0233,-0.591057,0.008051,-0.611737,0.153846,0.538462,0.0,0.307692,0.0,0.0,0.0,0.0
CM_Abouchete,133,23,20,6,2,0.0,0,1,3,3,6,0.043478,0.056655,-0.39282,0.029055,-0.420102,0.217391,0.391304,0.043478,0.173913,0.0,0.043478,0.086957,0.043478
CM_Abouchete,135,16,16,7,1,0.0625,0,1,7,7,2,0.0625,0.061436,-0.364405,0.061097,-0.127753,0.375,0.375,0.0,0.25,0.0,0.0,0.0,0.0
CM_Abouchete,137,14,14,6,2,0.0,0,1,3,3,6,0.071429,0.002759,-0.713138,0.061438,-0.124642,0.357143,0.357143,0.0,0.285714,0.0,0.0,0.0,0.0
CM_Abouchete,139,16,16,5,1,0.0625,0,1,7,7,2,0.0625,0.029002,-0.557169,0.04455,-0.278728,0.25,0.375,0.0,0.375,0.0,0.0,0.0,0.0
CM_Abouchete,141,14,14,6,2,0.0,0,1,4,4,6,0.071429,0.029002,-0.557169,0.061438,-0.124642,0.357143,0.357143,0.0,0.285714,0.0,0.0,0.0,0.0
CM_Abouchete,143,17,17,5,1,0.058824,0,1,9,9,2,0.058824,0.044652,-0.464157,0.065593,-0.086734,0.235294,0.352941,0.0,0.411765,0.0,0.0,0.0,0.0
CM_Abouchete,145,17,17,4,2,0.0,0,1,5,5,6,0.058824,0.008804,-0.677211,0.093102,0.164253,0.176471,0.352941,0.0,0.470588,0.0,0.0,0.0,0.0
CM_Abouchete,147,16,14,3,1,0.0625,0,1,11,11,2,0.0625,0.04199,-0.479978,0.026489,-0.443506,0.125,0.5,0.0,0.375,0.0,0.0,0.0,0.0
CM_Abouchete,149,13,12,4,2,0.0,0,1,7,7,6,0.076923,0.093762,-0.172283,0.027275,-0.436341,0.230769,0.461538,0.0,0.153846,0.0,0.076923,0.076923,0.0
CM_Abouchete,151,7,7,3,1,0.142857,0,1,15,15,2,0.142857,0.04907,-0.4379,0.016833,-0.531608,0.285714,0.428571,0.0,0.285714,0.0,0.0,0.0,0.0
CM_Abouchete,153,7,7,3,2,0.0,0,1,7,7,6,0.142857,0.0,-0.729536,0.016833,-0.531608,0.285714,0.428571,0.0,0.285714,0.0,0.0,0.0,0.0
CM_Abouchete,155,9,9,2,1,0.111111,0,1,15,15,2,0.111111,0.071159,-0.306619,0.061424,-0.124769,0.111111,0.444444,0.0,0.444444,0.0,0.0,0.0,0.0
CM_Abouchete,157,7,7,3,2,0.0,0,1,8,8,6,0.142857,0.071159,-0.306619,0.016833,-0.531608,0.285714,0.428571,0.0,0.285714,0.0,0.0,0.0,0.0
CM_Abouchete,159,9,9,2,1,0.111111,0,1,17,17,2,0.111111,0.071159,-0.306619,0.061424,-0.124769,0.111111,0.444444,0.0,0.444444,0.0,0.0,0.0,0.0
CM_Abouchete,161,7,7,2,2,0.0,0,1,9,9,6,0.142857,0.001596,-0.72005,0.052211,-0.208828,0.142857,0.428571,0.0,0.428571,0.0,0.0,0.0,0.0
CM_Abouchete,163,8,7,1,1,0.125,0,1,19,19,2,0.125,0.129428,0.039689,0.074826,-0.0025,0.0,0.75,0.0,0.25,0.0,0.0,0.0,0.0
CM_Abouchete,165,1,1,1,2,0.0,0,1,11,11,6,1.0,0.051317,-0.424545,0.167366,0.841818,0.0,1.0,0.0,0.0,0.0,0.0,0.0,0.0
CM_Abouchete,167,1,1,1,1,0.0,0,1,22,22,3,1.0,0.0,-0.729536,0.167366,0.841818,0.0,1.0,0.0,0.0,0.0,0.0,0.0,0.0
CM_Abouchete,169,1,1,1,2,0.0,0,1,11,11,6,1.0,0.0,-0.729536,0.167366,0.841818,0.0,1.0,0.0,0.0,0.0,0.0,0.0,0.0
CM_Abouchete,171,1,1,1,1,0.0,0,1,22,22,3,1.0,0.0,-0.729536,0.167366,0.841818,0.0,1.0,0.0,0.0,0.0,0.0,0.0,0.0
CM_Abouchete,173,1,1,1,2,0.0,0,1,11,11,6,1.0,0.0,-0.729536,0.167366,0.841818,0.0,1.0,0.0,0.0,0.0,0.0,0.0,0.0
CM_Abouchete,175,6,6,4,1,0.333333,0,2,20,10,2,0.333333,0.105573,-0.102087,0.098681,0.215152,0.333333,0.666667,0.0,0.0,0.0,0.0,0.0,0.0
CM_Abouchete,177,16,14,5,2,0.0,0,2,7,4,6,0.125,0.026987,-0.569145,0.107908,0.299336,0.1875,0.75,0.0,0.0,0.0,0.0625,0.0,0.0
CM_Abouchete,179,11,11,3,1,0.090909,0,1,7,7,2,0.090909,0.102083,-0.122829,0.002949,-0.658286,0.181818,0.545455,0.0,0.272727,0.0,0.0,0.0,0.0
CM_Abouchete,181,14,13,5,2,0.0,0,1,2,2,6,0.071429,0.062001,-0.361047,0.058332,-0.152979,0.285714,0.642857,0.0,0.071429,0.0,0.0,0.0,0.0
CM_Abouchete,183,21,21,3,1,0.047619,0,1,5,5,2,0.047619,0.205333,0.490812,0.053305,-0.198844,0.095238,0.47619,0.0,0.428571,0.0,0.0,0.0,0.0
CM_Abouchete,185,28,26,8,1,0.0,0,0,0,0,0,0.0,0.178413,0.33082,0.04023,-0.318143,0.285714,0.571429,0.0,0.107143,0.0,0.035714,0.0,0.0
CM_Abouchete,187,22,21,7,1,0.045455,0,1,3,3,2,0.045455,0.009133,-0.675256,0.014037,-0.557124,0.272727,0.545455,0.0,0.181818,0.0,0.0,0.0,0.0
CM_Abouchete,189,24,22,7,1,0.0,0,0,0,0,0,0.0,0.005034,-0.699617,0.034274,-0.372483,0.291667,0.583333,0.0,0.125,0.0,0.0,0.0,0.0
CM_Abouchete,191,24,22,6,1,0.0,0,0,0,0,0,0.0,0.003913,-0.70628,0.017733,-0.523399,0.25,0.583333,0.0,0.166667,0.0,0.0,0.0,0.0
CM_Abouchete,193,20,19,6,1,0.0,0,0,0,0,0,0.0,0.030157,-0.550305,0.01536,-0.545053,0.3,0.45,0.0,0.25,0.0,0.0,0.0,0.0
CM_Abouchete,195,21,20,6,1,0.0,0,0,0,0,0,0.0,0.016898,-0.629106,0.036892,-0.348593,0.285714,0.380952,0.0,0.333333,0.0,0.0,0.0,0.0
CM_Abouchete,197,20,19,5,1,0.0,0,0,0,0,0,0.0,0.002752,-0.71318,0.02905,-0.420148,0.25,0.4,0.0,0.35,0.0,0.0,0.0,0.0
CM_Abouchete,199,20,19,5,1,0.0,0,0,0,0,0,0.0,0.0,-0.729536,0.02905,-0.420148,0.25,0.4,0.0,0.35,0.0,0.0,0.0,0.0
CM_Abouchete,201,19,18,4,1,0.0,0,0,0,0,0,0.0,0.003179,-0.710642,0.026579,-0.442693,0.210526,0.421053,0.0,0.368421,0.0,0.0,0.0,0.0
CM_Abouchete,203,18,16,4,1,0.0,0,0,0,0,0,0.0,0.016555,-0.631145,0.007658,-0.615324,0.222222,0.444444,0.0,0.277778,0.0,0.0,0.055556,0.0
CM_Abouchete,205,17,16,4,1,0.0,0,0,0,0,0,0.0,0.013809,-0.647465,0.004838,-0.641046,0.235294,0.470588,0.0,0.235294,0.0,0.058824,0.0,0.0
CM_Abouchete,207,16,16,5,1,0.0,0,0,0,0,0,0.0,0.022795,-0.594059,0.03914,-0.328082,0.3125,0.375,0.0,0.25,0.0,0.0625,0.0,0.0
CM_Abouchete,209,22,22,4,1,0.0,0,0,0,0,0,0.0,0.065919,-0.337762,0.061906,-0.120377,0.181818,0.363636,0.0,0.409091,0.0,0.045455,0.0,0.0
CM_Abouchete,211,19,18,6,1,0.0,0,0,0,0,0,0.0,0.092055,-0.182428,0.029137,-0.419355,0.315789,0.421053,0.0,0.210526,0.0,0.052632,0.0,0.0
CM_Abouchete,213,21,20,6,1,0.0,0,0,0,0,0,0.0,0.005939,-0.694238,0.016376,-0.53578,0.285714,0.47619,0.0,0.190476,0.0,0.047619,0.0,0.0
CM_Abouchete,215,22,20,6,1,0.0,0,0,0,0,0,0.0,0.006759,-0.689365,0.014037,-0.557124,0.272727,0.545455,0.0,0.181818,0.0,0.0,0.0,0.0
CM_Abouchete,217,22,20,6,1,0.0,0,0,0,0,0,0.0,0.003918,-0.70625,0.028736,-0.42301,0.272727,0.590909,0.0,0.136364,0.0,0.0,0.0,0.0
CM_Abouchete,219,22,20,4,1,0.0,0,0,0,0,0,0.0,0.033214,-0.532136,0.002949,-0.658286,0.181818,0.545455,0.0,0.272727,0.0,0.0,0.0,0.0
CM_Abouchete,221,25,21,4,1,0.0,0,0,0,0,0,0.0,0.004319,-0.703867,0.011218,-0.582843,0.16,0.6,0.0,0.24,0.0,0.0,0.0,0.0
CM_Abouchete,223,20,18,4,1,0.0,0,0,0,0,0,0.0,0.061988,-0.361125,0.028894,-0.421564,0.2,0.4,0.0,0.35,0.0,0.0,0.05,0.0
CM_Abouchete,225,20,18,4,1,0.0,0,0,0,0,0,0.0,0.07445,-0.28706,0.012309,-0.572887,0.2,0.6,0.0,0.2,0.0,0.0,0.0,0.0
CM_Abouchete,227,20,18,4,1,0.0,0,0,0,0,0,0.0,0.0,-0.729536,0.012309,-0.572887,0.2,0.6,0.0,0.2,0.0,0.0,0.0,0.0
CM_Abouchete,229,19,18,5,1,0.0,0,0,0,0,0,0.0,0.009718,-0.671779,0.007265,-0.618908,0.263158,0.526316,0.0,0.210526,0.0,0.0,0.0,0.0
CM_Abouchete,231,17,17,7,1,0.0,0,0,0,0,0,0.0,0.069851,-0.314393,0.088762,0.124653,0.411765,0.352941,0.0,0.235294,0.0,0.0,0.0,0.0
CM_Abouchete,233,18,17,4,1,0.0,0,0,0,0,0,0.0,0.076131,-0.277069,0.013198,-0.564775,0.222222,0.444444,0.0,0.333333,0.0,0.0,0.0,0.0
CM_Abouchete,235,17,17,6,1,0.0,0,0,0,0,0,0.0,0.055184,-0.401563,0.063362,-0.107089,0.352941,0.352941,0.0,0.235294,0.0,0.058824,0.0,0.0
CM_Abouchete,237,16,16,5,1,0.0625,0,1,3,3,2,0.0625,0.050832,-0.427428,0.04455,-0.278728,0.25,0.375,0.0,0.375,0.0,0.0,0.0,0.0
CM_Abouchete,239,15,15,6,2,0.0,0,1,2,2,6,0.066667,0.015268,-0.638794,0.070158,-0.045086,0.333333,0.333333,0.0,0.333333,0.0,0.0,0.0,0.0
CM_Abouchete,241,18,18,3,1,0.055556,0,1,5,5,2,0.055556,0.12169,-0.0063,0.157072,0.747897,0.111111,0.333333,0.0,0.555556,0.0,0.0,0.0,0.0
CM_Abouchete,243,14,12,4,2,0.0,0,1,3,3,6,0.071429,0.135425,0.075331,0.001445,-0.672004,0.214286,0.5,0.0,0.285714,0.0,0.0,0.0,0.0
CM_Abouchete,245,15,14,3,1,0.066667,0,1,7,7,2,0.066667,0.047425,-0.447676,0.042213,-0.30005,0.133333,0.4,0.0,0.266667,0.0,0.133333,0.066667,0.0
CM_Abouchete,247,10,10,3,2,0.0,0,1,5,5,6,0.1,0.033842,-0.528404,0.014311,-0.55462,0.2,0.5,0.0,0.2,0.0,0.1,0.0,0.0
CM_Abouchete,249,9,9,4,2,0.0,0,1,5,5,6,0.111111,0.044605,-0.464436,0.027611,-0.433278,0.333333,0.444444,0.0,0.222222,0.0,0.0,0.0,0.0
CM_Abouchete,251,9,9,2,1,0.111111,0,1,11,11,2,0.111111,0.127214,0.026531,0.061424,-0.124769,0.111111,0.444444,0.0,0.444444,0.0,0.0,0.0,0.0
CM_Abouchete,253,7,7,3,2,0.0,0,1,6,6,6,0.142857,0.071159,-0.306619,0.016833,-0.531608,0.285714,0.428571,0.0,0.285714,0.0,0.0,0.0,0.0
CM_Abouchete,255,9,9,2,1,0.111111,0,1,13,13,2,0.111111,0.071159,-0.306619,0.061424,-0.124769,0.111111,0.444444,0.0,0.444444,0.0,0.0,0.0,0.0
CM_Abouchete,257,7,7,3,2,0.0,0,1,7,7,6,0.142857,0.071159,-0.306619,0.016833,-0.531608,0.285714,0.428571,0.0,0.285714,0.0,0.0,0.0,0.0
CM_Abouchete,259,8,8,1,1,0.125,0,1,15,15,2,0.125,0.209704,0.51679,0.204815,1.183486,0.0,0.375,0.0,0.625,0.0,0.0,0.0,0.0
CM_Abouchete,261,6,5,2,2,0.0,0,1,8,8,6,0.166667,0.495495,2.215321,0.114867,0.362826,0.166667,0.833333,0.0,0.0,0.0,0.0,0.0,0.0
