teixit,volta,tipus,dist_centroide,z_intra_tipus,es_outlier,longitud_total
MS_Campanilla,3,V1,0.102215,-0.110702,0,4
MS_Campanilla,5,V1,0.140934,0.269146,0,4
MS_Campanilla,7,V0,0.298384,0.139067,0,5
MS_Campanilla,9,V0,0.350392,0.334165,0,5
MS_Campanilla,11,V1,0.308408,1.912148,0,7
MS_Campanilla,13,V1,0.308408,1.912148,0,7
MS_Campanilla,15,V1,0.308408,1.912148,0,7
MS_Campanilla,17,V1,0.308408,1.912148,0,7
MS_Campanilla,19,V1,0.308408,1.912148,0,7
MS_Campanilla,21,V1,0.308408,1.912148,0,7
MS_Campanilla,23,V1,0.308408,1.912148,0,7
MS_Campanilla,25,V1,0.308408,1.912148,0,7
MS_Campanilla,27,V1,0.308408,1.912148,0,7
MS_Campanilla,29,V1,0.308408,1.912148,0,7
MS_Campanilla,31,V0,0.432114,0.640724,0,7
MS_Campanilla,33,V1,0.308408,1.912148,0,7
MS_Campanilla,35,V0,0.432114,0.640724,0,7
MS_Campanilla,37,V0,0.431023,0.63663,0,7
MS_Campanilla,39,V0,0.432114,0.640724,0,7
MS_Campanilla,41,V0,0.431023,0.63663,0,7
MS_Campanilla,43,V0,0.432114,0.640724,0,7
MS_Campanilla,45,V1,0.308408,1.912148,0,7
MS_Campanilla,47,V0,0.432114,0.640724,0,7
MS_Campanilla,49,V0,0.431023,0.63663,0,7
MS_Campanilla,51,V1,0.111367,-0.020923,0,10
MS_Campanilla,53,V1,0.124018,0.103192,0,14
MS_Campanilla,55,V1,0.122602,0.089299,0,15
MS_Campanilla,57,V1,0.036247,-0.757882,0,18
MS_Campanilla,59,V1,0.070901,-0.417908,0,17
MS_Campanilla,61,V1,0.037824,-0.742414,0,22
MS_Campanilla,63,V1,0.091861,-0.212289,0,24
MS_Campanilla,65,V1,0.04124,-0.7089,0,28
MS_Campanilla,67,V1,0.05451,-0.578712,0,23
MS_Campanilla,69,V1,0.065018,-0.475626,0,28
MS_Campanilla,71,V1,0.033262,-0.787174,0,32
MS_Campanilla,73,V1,0.101847,-0.114319,0,31
MS_Campanilla,75,V1,0.189505,0.745648,0,16
MS_Campanilla,77,V1,0.131038,0.172062,0,21
MS_Campanilla,79,V1,0.08377,-0.291657,0,24
MS_Campanilla,81,V1,0.225129,1.095138,0,12
MS_Campanilla,83,V0,0.221749,-0.148409,0,13
MS_Campanilla,85,V1,0.185628,0.707617,0,9
MS_Campanilla,87,V1,0.112503,-0.009776,0,20
MS_Campanilla,89,V0,0.948187,2.576647,1,3
MS_Campanilla,91,V0,0.772261,1.916703,0,22234
MS_Campanilla,93,V0,0.780259,1.946705,0,2226
MS_Campanilla,95,V0,0.76353,1.883951,0,232
MS_Campanilla,97,V0,0.625599,1.366535,0,32
MS_Campanilla,99,V1,0.131441,0.176012,0,12
MS_Campanilla,101,V1,0.103101,-0.102011,0,15
MS_Campanilla,103,V1,0.129586,0.157821,0,10
MS_Campanilla,105,V0,0.073907,-0.703002,0,24
MS_Campanilla,107,V0,0.102146,-0.59707,0,19
MS_Campanilla,109,V0,0.094371,-0.626235,0,22
MS_Claveles,1,V0,0.253221,-0.030349,0,2
MS_Claveles,3,V0,0.780921,1.94919,0,1
MS_Claveles,5,V1,0.305834,1.886898,0,4
MS_Claveles,7,V1,0.139157,0.251716,0,4
MS_Claveles,9,V1,0.139157,0.251716,0,4
MS_Claveles,11,V1,0.139157,0.251716,0,4
MS_Claveles,13,V1,0.139157,0.251716,0,4
MS_Claveles,15,V1,0.102215,-0.110702,0,8
MS_Claveles,17,V1,0.105078,-0.082618,0,10
MS_Claveles,19,V1,0.072317,-0.404021,0,8
MS_Claveles,21,V1,0.088742,-0.24288,0,14
MS_Claveles,23,V1,0.088742,-0.24288,0,14
MS_Claveles,25,V1,0.088742,-0.24288,0,14
MS_Claveles,27,V1,0.088742,-0.24288,0,14
MS_Claveles,29,V1,0.088742,-0.24288,0,14
MS_Claveles,31,V1,0.088742,-0.24288,0,14
MS_Claveles,33,V1,0.046266,-0.659595,0,24
MS_Claveles,35,V1,0.04813,-0.641306,0,27
MS_Claveles,37,V1,0.038083,-0.739877,0,27
MS_Claveles,39,V1,0.03555,-0.764723,0,33
MS_Claveles,41,V1,0.041426,-0.707079,0,33
MS_Claveles,43,V1,0.052079,-0.602568,0,31
MS_Claveles,45,V1,0.018845,-0.928604,0,26
MS_Claveles,47,V1,0.077579,-0.352397,0,13
MS_Claveles,49,V1,0.035967,-0.76063,0,23
MS_Claveles,51,V1,0.072888,-0.398414,0,16
MS_Claveles,53,V1,0.078328,-0.345054,0,27
MS_Claveles,55,V1,0.109227,-0.041911,0,57
MS_Claveles,57,V1,0.02239,-0.893824,0,26
MS_Claveles,59,V1,0.038627,-0.734537,0,19
MS_Claveles,61,V1,0.082183,-0.307232,0,17
MS_Claveles,63,V1,0.075208,-0.375655,0,20
MS_Claveles,65,V1,0.075208,-0.375655,0,20
MS_Claveles,67,V1,0.041064,-0.71063,0,20
MS_Claveles,69,V1,0.020676,-0.910644,0,17
MS_Claveles,71,V1,0.014771,-0.968575,0,18
MS_Claveles,73,V1,0.02975,-0.821626,0,20
MS_Claveles,75,V1,0.009164,-1.02358,0,24
MS_Claveles,77,V1,0.044543,-0.676501,0,18
MS_Claveles,79,V1,0.034884,-0.77126,0,46
MS_Claveles,81,V1,0.050814,-0.614973,0,25
MS_Claveles,83,V1,0.104435,-0.088932,0,25
MS_Claveles,85,V1,0.062107,-0.504186,0,24
MS_Claveles,87,V1,0.018135,-0.935574,0,13
MS_Claveles,89,V1,0.030621,-0.813074,0,19
MS_Claveles,91,V1,0.075525,-0.372546,0,20
MS_Claveles,93,V1,0.057896,-0.545496,0,20
MS_Claveles,95,V1,0.057896,-0.545496,0,20
MS_Claveles,97,V1,0.057896,-0.545496,0,20
MS_Claveles,99,V1,0.057896,-0.545496,0,20
MS_Claveles,101,V1,0.114852,0.013265,0,20
MS_Claveles,103,V1,0.165983,0.514886,0,21
MS_Claveles,105,V1,0.075742,-0.370417,0,59
MS_Claveles,107,V1,0.100457,-0.127956,0,28
MS_Claveles,109,V1,0.048796,-0.634773,0,44
MS_Claveles,111,V1,0.063108,-0.494363,0,40
MS_Claveles,113,V1,0.089367,-0.236756,0,34
MS_Claveles,115,V1,0.046999,-0.652404,0,56
MS_Claveles,117,V1,0.098897,-0.143262,0,10
MS_Claveles,119,V0,0.034667,-0.850202,0,14
MS_Dalila,1,V1,0.305834,1.886898,0,2
MS_Dalila,3,V1,0.139157,0.251716,0,2
MS_Dalila,5,V1,0.139157,0.251716,0,2
MS_Dalila,7,V1,0.139157,0.251716,0,2
MS_Dalila,9,V1,0.139157,0.251716,0,2
MS_Dalila,11,V1,0.102215,-0.110702,0,4
MS_Dalila,13,V1,0.022624,-0.89153,0,7
MS_Dalila,15,V1,0.025198,-0.86628,0,9
MS_Dalila,17,V1,0.220779,1.052462,0,6
MS_Dalila,19,V1,0.128201,0.144232,0,5
MS_Dalila,21,V1,0.149087,0.349126,0,4
MS_Dalila,23,V1,0.039109,-0.72981,0,5
MS_Dalila,25,V1,0.149087,0.349126,0,4
MS_Dalila,27,V1,0.046397,-0.658304,0,7
MS_Dalila,29,V1,0.097855,-0.153484,0,6
MS_Dalila,31,V1,0.039109,-0.72981,0,5
MS_Dalila,33,V1,0.253053,1.369084,0,4
MS_Dalila,35,V1,0.253053,1.369084,0,4
MS_MLuisa,1,V1,0.139157,0.251716,0,2
MS_MLuisa,3,V1,0.033095,-0.788804,0,4
MS_MLuisa,5,V1,0.033095,-0.788804,0,4
MS_MLuisa,7,V1,0.033095,-0.788804,0,4
MS_MLuisa,9,V1,0.033095,-0.788804,0,4
MS_MLuisa,11,V1,0.033095,-0.788804,0,4
MS_MLuisa,13,V1,0.191327,0.763525,0,4
MS_MLuisa,15,V1,0.071698,-0.410088,0,6
MS_MLuisa,17,V1,0.049064,-0.632145,0,10
MS_MLuisa,19,V1,0.039109,-0.72981,0,10
MS_MLuisa,21,V1,0.155128,0.408394,0,9
MS_MLuisa,23,V1,0.20495,0.897172,0,5
MS_MLuisa,25,V1,0.198035,0.829335,0,4
MS_MLuisa,27,V1,0.097855,-0.153484,0,6
MS_MLuisa,29,V0,0.118129,-0.537116,0,6
MS_MLuisa,31,V0,0.046567,-0.805561,0,6
MS_MLuisa,33,V1,0.087158,-0.258427,0,11
MS_MLuisa,35,V1,0.008818,-1.02698,0,14
MS_MLuisa,37,V1,0.039958,-0.721474,0,17
MS_MLuisa,39,V1,0.073456,-0.39285,0,13
MS_MLuisa,41,V1,0.039958,-0.721474,0,17
MS_MLuisa,43,V1,0.031795,-0.801561,0,16
MS_MLuisa,45,V1,0.031009,-0.809273,0,11
MS_MLuisa,47,V1,0.048216,-0.640464,0,11
MS_MLuisa,49,V1,0.048216,-0.640464,0,11
MS_MLuisa,51,V1,0.048216,-0.640464,0,11
MS_MLuisa,53,V1,0.073345,-0.393936,0,11
MS_MLuisa,55,V1,0.069617,-0.430513,0,11
MS_Raetine,3,V1,0.305834,1.886898,0,2
MS_Raetine,5,V1,0.305834,1.886898,0,4
MS_Raetine,7,V1,0.129326,0.155269,0,4
MS_Raetine,9,V0,0.179427,-0.307168,0,6
MS_Raetine,11,V1,0.108412,-0.04991,0,6
MS_Raetine,13,V0,0.08308,-0.668593,0,8
MS_Raetine,15,V0,0.08308,-0.668593,0,8
MS_Raetine,17,V1,0.108412,-0.04991,0,6
MS_Raetine,19,V1,0.043756,-0.684215,0,10
MS_Raetine,21,V1,0.053856,-0.585135,0,9
MS_Raetine,23,V1,0.022243,-0.895275,0,11
MS_Raetine,25,V1,0.053856,-0.585135,0,9
MS_Raetine,27,V1,0.022243,-0.895275,0,11
MS_Raetine,29,V1,0.06342,-0.491302,0,10
MS_Raetine,31,V1,0.018285,-0.934099,0,13
MS_Raetine,33,V1,0.032869,-0.791025,0,14
MS_Raetine,35,V1,0.04205,-0.700958,0,12
MS_Raetine,37,V1,0.021886,-0.89877,0,15
MS_Raetine,39,V1,0.057511,-0.549278,0,18
MS_Raetine,40,V0,0.223084,-0.1434,0,7
MS_Raetine,41,V1,0.057451,-0.549864,0,19
MS_Raetine,43,V1,0.042213,-0.699359,0,22
MS_Raetine,45,V1,0.059221,-0.532494,0,26
MS_Raetine,47,V1,0.235275,1.19468,0,18
MS_Raetine,49,V1,0.191323,0.763488,0,14
MS_Raetine,51,V1,0.12956,0.15756,0,12
MS_Raetine,53,V1,0.19913,0.840073,0,11
MS_Raetine,55,V1,0.306532,1.893747,0,9
MS_Raetine,57,V1,0.249362,1.332876,0,7
MS_Raetine,59,V0,0.834824,2.151391,1,2
MS_Raetine,61,V0,0.228137,-0.124447,0,4
MS_Raetine,63,V0,0.228137,-0.124447,0,4
MS_Raetine,77,V1,0.33284,2.151838,1,9
MS_Raetine,79,V1,0.146561,0.324348,0,19
MS_Raetine,81,V1,0.117113,0.035446,0,19
MS_Raetine,83,V1,0.117113,0.035446,0,19
MS_Raetine,85,V1,0.040245,-0.718667,0,21
MS_Raetine,87,V1,0.089786,-0.23264,0,17
MS_Raetine,89,V1,0.020965,-0.907811,0,24
MS_Raetine,90,V1,0.061284,-0.512258,0,13
MS_Raetine,91,V1,0.029977,-0.819399,0,42
MS_Raetine,92,V0,0.439918,0.67,0,9
MS_Raetine,93,V1,0.029977,-0.819399,0,42
MS_Raetine,94,V0,0.439918,0.67,0,9
MS_Raetine,95,V1,0.029977,-0.819399,0,42
MS_Raetine,96,V0,0.439918,0.67,0,9
MS_Raetine,97,V1,0.025587,-0.862465,0,38
MS_Raetine,98,V0,0.268844,0.028255,0,9
MS_Raetine,99,V1,0.031599,-0.803483,0,35
MS_Raetine,101,V1,0.031599,-0.803483,0,35
MS_Raetine,103,V1,0.061001,-0.515034,0,53
MS_Raetine,105,V1,0.038046,-0.740234,0,44
MS_Raetine,107,V1,0.108122,-0.052755,0,31
MS_Raetine,109,V0,0.227041,-0.128557,0,13
MS_Raetine,111,V0,0.080935,-0.676638,0,19
MS_Raetine,113,V0,0.258793,-0.009449,0,25
MS_Raetine,115,V1,0.123615,0.09924,0,76
MS_Titi 1,3,V1,0.19179,0.768067,0,4
MS_Titi 1,7,V1,0.102215,-0.110702,0,4
MS_Titi 1,9,V1,0.215627,1.001916,0,5
MS_Titi 1,11,V1,0.719206,5.942283,1,2
MS_Titi 1,13,V0,0.178726,-0.309799,0,5
MS_Titi 1,15,V1,0.15952,0.451488,0,24
MS_Titi 1,17,V0,0.232218,-0.109138,0,48
MS_Titi 1,19,V0,0.197813,-0.238201,0,9
MS_Titi 1,21,V1,0.114456,0.009379,0,12
MS_Titi 1,23,V1,0.053856,-0.585135,0,9
MS_Titi 2 - Grafico B,1,V0,0.189805,-0.268238,0,8
MS_Titi 2 - Grafico B,3,V0,0.226581,-0.130283,0,8
MS_Titi 2 - Grafico B,5,V1,0.006034,-1.054292,0,20
MS_Titi 2 - Grafico B,7,V1,0.033095,-0.788804,0,16
MS_Titi 2 - Grafico B,9,V1,0.027545,-0.843254,0,13
MS_Titi 2 - Grafico B,11,V1,0.11837,0.047778,0,25
MS_Titi 2 - Grafico B,13,V1,0.104953,-0.083843,0,24
MS_Titi 2 - Grafico B,15,V1,0.024403,-0.874082,0,23
MS_Titi 2 - Grafico B,17,V1,0.076063,-0.367266,0,13
MS_Titi 2 - Grafico B,19,V1,0.104953,-0.083843,0,12
MS_Titi 2 - Grafico B,21,V1,0.04818,-0.640813,0,17
MS_Titi 2 - Grafico B,23,V1,0.104953,-0.083843,0,12
MS_Titi 2 - Grafico B,25,V0,0.016735,-0.917469,0,18
MS_Titi 2 - Grafico B,27,V1,0.114021,0.005119,0,9
MS_Titi 2 - Grafico B,29,V0,0.11589,-0.545511,0,5
MS_Titi 2 - Grafico B,31,V0,0.143066,-0.443571,0,5
MS_Titi 2 - Grafico B,33,V0,0.143066,-0.443571,0,5
MS_Titi 2 - Grafico B,35,V0,0.333794,0.271902,0,8
MS_Titi 2 - Grafico B,37,V0,0.530157,1.008509,0,4
MS_Titi 2 - Grafico B,39,V0,0.171462,-0.337049,0,1
MS_Titi 2 - Grafico A,3,V1,0.305834,1.886898,0,4
MS_Titi 2 - Grafico A,7,V1,0.102215,-0.110702,0,4
MS_Titi 2 - Grafico A,9,V1,0.215627,1.001916,0,5
MS_Titi 2 - Grafico A,11,V1,0.719206,5.942283,1,2
MS_Titi 2 - Grafico A,13,V0,0.178726,-0.309799,0,5
MS_Titi 2 - Grafico A,15,V1,0.15952,0.451488,0,24
MS_Titi 2 - Grafico A,17,V0,0.214516,-0.175544,0,48
MS_Titi 2 - Grafico A,19,V0,0.22127,-0.150207,0,9
MS_Titi 2 - Grafico A,21,V0,0.158684,-0.384982,0,5
MS_Titi 2 - Grafico A,23,V1,0.031656,-0.802925,0,11
MS_Titi 2 - Grafico A,25,V1,0.030438,-0.814876,0,15
MS_Titi - Puntilla,1,V1,0.139157,0.251716,0,2
MS_Titi - Puntilla,3,V1,0.108412,-0.04991,0,6
MS_Titi - Puntilla,5,V1,0.045271,-0.66935,0,10
MS_Titi - Puntilla,7,V1,0.079436,-0.334176,0,10
MS_Titi - Puntilla,9,V1,0.110826,-0.026232,0,21
MS_Titi - Puntilla,11,V1,0.096706,-0.164749,0,5
MS_Titi - Puntilla,13,V1,0.149087,0.349126,0,4
MS_Punto Bellota,2,V0,0.086602,-0.655379,0,21
MS_Punto Bellota,3,V0,0.132823,-0.481994,0,22
MS_Punto Bellota,4,V0,0.107407,-0.577336,0,17
MS_Punto Bellota,5,V0,0.130299,-0.49146,0,31
MS_Punto Bellota,6,V0,0.153617,-0.40399,0,13
MS_Punto Bellota,7,V0,0.171462,-0.337049,0,17
MS_Punto Bellota,8,V0,0.065753,-0.733589,0,17
MS_Punto Bellota,9,V0,0.145682,-0.433754,0,17
MS_Punto Bellota,10,V1,0.16917,0.546158,0,15
MS_Punto Bellota,11,V0,0.150305,-0.416415,0,21
MS_Punto Bellota,12,V1,0.150248,0.360517,0,13
MS_Punto Bellota,13,V0,0.171462,-0.337049,0,23
MS_Otro punto bellota,1,V0,0.053734,-0.778676,0,12
MS_Otro punto bellota,3,V0,0.100264,-0.604129,0,10
MS_Otro punto bellota,5,V0,0.170805,-0.339511,0,8
MS_Otro punto bellota,7,V0,0.053734,-0.778676,0,12
MS_Otro punto bellota,9,V0,0.123926,-0.51537,0,9
MS_Otro punto bellota,11,V0,0.170805,-0.339511,0,8
MS_Otro Punto Calado,1,V1,0.220779,1.052462,0,6
MS_Otro Punto Calado,3,V1,0.105078,-0.082618,0,5
MS_Otro Punto Calado,5,V1,0.105078,-0.082618,0,5
MS_Punto Calado,1,V1,0.106164,-0.071967,0,13
MS_Punto Calado,3,V1,0.391899,2.731241,1,15
MS_Punto Calado,5,V1,0.090241,-0.228175,0,11
MS_Punto conchas,1,V0,0.057585,-0.764229,0,24
MS_Punto conchas,3,V0,0.087624,-0.651546,0,20
MS_Punto conchas,5,V0,0.159379,-0.382373,0,23
MS_Punto conchas,7,V1,0.200437,0.852902,0,10
MS_Punto conchas,9,V1,0.119282,0.056732,0,9
MS_Punto conchas,11,V1,0.526533,4.052059,1,18
MS_Punto conchas,13,V0,0.771122,1.91243,0,3350
MS_Punto conchas,1,V1,0.255425,1.392363,0,7
MS_Punto conchas,3,V1,0.160699,0.463051,0,5
MS_Punto conchas,5,V1,0.554261,4.324089,1,8
MS_Punto conchas,7,V1,0.200437,0.852902,0,10
MS_Punto conchas,9,V1,0.094742,-0.184022,0,8
MS_Punto conchas,11,V1,0.549078,4.273241,1,15
MS_Punto conchas,13,V0,0.771122,1.912431,0,3351
MS_Punto dos caras,1,V0,0.053734,-0.778676,0,12
MS_Punto dos caras,2,V0,0.129519,-0.494388,0,10
MS_Punto dos caras,3,V0,0.100264,-0.604129,0,10
MS_Punto dos caras,4,V0,0.135401,-0.472324,0,12
MS_Punto dos caras,5,V0,0.170805,-0.339511,0,8
MS_Punto dos caras,6,V0,0.171462,-0.337049,0,24
MS_Punto piñas,1,V1,0.076855,-0.359504,0,6
MS_Punto piñas,3,V1,0.156802,0.424818,0,6
MS_Punto piñas,5,V1,0.374352,2.559092,1,8
MS_Punto piñas,7,V1,0.086985,-0.260116,0,6
MS_Hojas de Matilde,1,V1,0.156802,0.424818,0,6
MS_Hojas de Matilde,3,V1,0.138349,0.243786,0,8
MS_Hojas de Matilde,5,V1,0.061834,-0.506862,0,12
MS_Punto Feito,1,V1,0.139964,0.259625,0,9
MS_Punto Feito,3,V1,0.211453,0.960973,0,9
MS_Punto Feito,5,V1,0.152883,0.386367,0,8
MS_Punto Feito,7,V1,0.125186,0.114648,0,9
MS_Punto Feito,9,V1,0.190211,0.75258,0,9
MS_Punto Feito,11,V1,0.138349,0.243786,0,8
MS_Punto plisado para vestidito,1,V0,0.040473,-0.828422,0,14
MS_Punto plisado para vestidito,3,V0,0.067473,-0.727137,0,12
MS_Punto plisado para vestidito,5,V0,0.072437,-0.708515,0,11
MS_Punto Esmeralda,1,V1,0.196749,0.816717,0,3
MS_Punto Esmeralda,2,V1,0.225588,1.099647,0,4
MS_Punto Esmeralda,3,V1,0.271465,1.549716,0,4
MS_Punto Esmeralda,4,V1,0.225588,1.099647,0,4
MS_Punto Esmeralda,5,V1,0.196749,0.816717,0,3
MS_Punto Esmeralda,6,V1,0.203575,0.883683,0,5
MS_Punto Esmeralda,7,V1,0.225588,1.099647,0,4
MS_Punto Esmeralda,8,V1,0.271465,1.549716,0,4
MS_Punto Esmeralda,9,V1,0.225588,1.099647,0,4
MS_Punto Esmeralda,10,V1,0.196749,0.816717,0,3
MS_Punto Hojitas vueltas,1,V0,0.044985,-0.811498,0,17
MS_Punto Hojitas vueltas,3,V1,0.105394,-0.079514,0,15
MS_Punto Hojitas vueltas,5,V1,0.084627,-0.283249,0,11
MS_Punto Hojitas vueltas,7,V0,0.087534,-0.651883,0,16
MS_Punto plisado para chaquetita,1,V0,0.164758,-0.362196,0,33
MS_Punto plisado para chaquetita,2,V0,0.164949,-0.36148,0,34
MS_Punto plisado para chaquetita,3,V0,0.171462,-0.337049,0,33
MS_Punto plisado para chaquetita,4,V0,0.171462,-0.337049,0,33
MS_Punto semilla,1,V1,0.101572,-0.117011,0,5
MS_Punto semilla,3,V0,0.056046,-0.770005,0,9
MS_Punto semilla,5,V0,0.056763,-0.767313,0,9
MS_Punto semilla,7,V1,0.033095,-0.788804,0,8
MS_Punto semilla,9,V0,0.055129,-0.773442,0,7
MS_Palmito,1,V1,0.185109,0.702526,0,3
MS_Palmito,5,V1,0.305834,1.886898,0,2
MS_Palmito,9,V1,0.305834,1.886898,0,2
MS_Palmito,15,V1,0.294305,1.773789,0,2
MS_Palmito,21,V0,0.948187,2.576647,1,1
MS_Palmito,23,V1,0.076855,-0.359504,0,6
MS_Palmito,25,V1,0.156802,0.424818,0,6
MS_Palmito,27,V1,0.416973,2.977224,1,7
MS_Palmito,29,V1,0.051031,-0.612844,0,7
MS_Palmito,31,V1,0.067396,-0.452302,0,7
MS_Palmito,33,V1,0.067396,-0.452302,0,7
MS_Palmito,35,V1,0.118733,0.051341,0,10
MS_Palmito,37,V1,0.20576,0.905123,0,5
MS_Palmito,39,V1,0.069468,-0.431972,0,12
MS_Palmito,41,V1,0.061437,-0.510762,0,9
MS_Palmito,43,V1,0.083935,-0.290038,0,16
MS_Palmito,45,V1,0.02964,-0.822701,0,10
MS_Palmito,47,V0,0.078534,-0.685646,0,6
MS_Palmito,49,V1,0.18186,0.670647,0,6
MS_Ovalo1,1,V1,0.102468,-0.108225,0,31
MS_Ovalo1,3,V0,0.402412,0.529303,0,8
MS_Ovalo1,5,V1,0.168679,0.541342,0,7
MS_Ovalo1,7,V0,0.1646,-0.36279,0,11
MS_Ovalo1,9,V0,0.057161,-0.765819,0,16
MS_Ovalo1,11,V1,0.063616,-0.489381,0,13
MS_Ovalo1,13,V1,0.052073,-0.602621,0,19
MS_Ovalo1,15,V1,0.062477,-0.500551,0,15
MS_Ovalo1,17,V1,0.114146,0.006346,0,15
MS_Ovalo1,19,V1,0.089479,-0.235654,0,23
MS_Ovalo1,21,V1,0.048285,-0.63979,0,26
MS_Ovalo1,23,V1,0.099214,-0.140152,0,18
MS_Ovalo1,25,V1,0.024557,-0.872572,0,26
MS_Ovalo1,27,V1,0.04274,-0.694182,0,22
MS_Ovalo1,29,V0,0.302241,0.153536,0,8
MS_Ovalo1,31,V0,0.278227,0.063456,0,9
MS_Ovalo1,33,V0,0.433198,0.644791,0,9
MS_Ovalo1,35,V0,0.716956,1.70924,0,8
MS_Ovalo1,37,V1,0.121159,0.07514,0,10
MS_Ovalo1,39,V0,0.524401,0.986917,0,6
MS_Ovalo1,41,V0,0.404171,0.535902,0,2
MS_Ovalo1,43,V0,0.789931,1.982988,0,3
MS_Ovalo1,45,V1,0.127574,0.13808,0,10
MS_Ovalo1,47,V1,0.022722,-0.890576,0,8
MS_Ovalo1,49,V0,0.948187,2.576647,1,1
MS_Ovalo1,51,V0,0.171462,-0.337049,0,1
MS_Puntilla4,1,V1,0.259709,1.434388,0,4
MS_Puntilla4,3,V1,0.156802,0.424818,0,6
MS_Puntilla4,5,V1,0.156802,0.424818,0,6
MS_Puntilla4,7,V1,0.156802,0.424818,0,6
MS_Puntilla4,9,V1,0.075015,-0.37755,0,8
MS_Puntilla4,11,V1,0.102004,-0.112775,0,12
MS_Puntilla4,13,V1,0.102004,-0.112775,0,12
MS_Puntilla4,15,V1,0.217322,1.01855,0,12
MS_Puntilla4,17,V1,0.03614,-0.758932,0,12
MS_Puntilla4,19,V1,0.092918,-0.20191,0,11
MS_Puntilla4,21,V1,0.16604,0.515448,0,9
MS_Puntilla4,23,V0,0.122184,-0.521903,0,9
MS_Puntilla4,25,V0,0.180249,-0.304087,0,8
MS_Puntilla4,27,V1,0.168088,0.535541,0,7
MS_Antoña o Canijo,5,V0,0.155922,-0.395343,0,2
MS_Antoña o Canijo,7,V0,0.171462,-0.337049,0,2
MS_Antoña o Canijo,9,V1,0.139157,0.251716,0,4
MS_Antoña o Canijo,11,V1,0.071698,-0.410088,0,6
MS_Antoña o Canijo,13,V1,0.071698,-0.410088,0,6
MS_Antoña o Canijo,21,V1,0.029251,-0.826519,0,7
MS_Antoña o Canijo,23,V1,0.011351,-1.002126,0,9
MS_Antoña o Canijo,25,V1,0.042155,-0.699927,0,9
MS_Antoña o Canijo,27,V1,0.049064,-0.632145,0,10
MS_Antoña o Canijo,29,V1,0.006034,-1.054292,0,10
MS_Antoña o Canijo,31,V0,0.046567,-0.805561,0,6
MS_Antoña o Canijo,33,V0,0.072786,-0.707208,0,5
MS_Antoña o Canijo,35,V0,0.081518,-0.67445,0,4
MS_Antoña o Canijo,37,V0,0.073093,-0.706057,0,11
MS_Antoña o Canijo,39,V0,0.079681,-0.681342,0,6
MS_Antoña o Canijo,41,V0,0.076134,-0.694646,0,12
MS_Ovalo2,5,V1,0.626349,5.031302,1,3
MS_Ovalo2,7,V0,0.099939,-0.605349,0,10
MS_Ovalo2,9,V0,0.141346,-0.45002,0,8
MS_Ovalo2,11,V0,0.077101,-0.691022,0,14
MS_Ovalo2,13,V0,0.110601,-0.565355,0,11
MS_Ovalo2,15,V0,0.102932,-0.594121,0,28
MS_Ovalo2,17,V0,0.219952,-0.15515,0,7
MS_Ovalo2,19,V0,0.156971,-0.391407,0,15
MS_Ovalo2,21,V1,0.110491,-0.029519,0,13
MS_Ovalo2,23,V0,0.288747,0.102919,0,7
MS_Ovalo2,25,V0,0.252631,-0.032563,0,3
MS_Ovalo2,27,V1,0.079558,-0.332986,0,14
MS_Ovalo2,29,V1,0.031052,-0.808852,0,18
MS_Ovalo2,31,V1,0.071698,-0.410088,0,18
MS_Ovalo2,33,V1,0.058842,-0.536222,0,28
MS_Ovalo2,35,V0,0.141766,-0.448447,0,5
MS_Ovalo2,37,V0,0.116834,-0.541973,0,5
MS_Ovalo2,39,V0,0.116834,-0.541973,0,5
MS_Ovalo2,41,V0,0.144701,-0.437436,0,4
MS_Ovalo2,43,V0,0.160958,-0.376452,0,3
MS_Ovalo2,45,V0,0.11589,-0.545511,0,5
MS_Ovalo2,47,V0,0.204287,-0.213913,0,3
MS_Ovalo2,49,V0,0.11589,-0.545511,0,5
MS_Ovalo2,51,V0,0.204287,-0.213913,0,3
MS_Ovalo2,53,V0,0.153212,-0.405508,0,7
MS_Ovalo2,55,V1,0.104966,-0.083714,0,6
MS_Ovalo2,57,V0,0.780921,1.94919,0,3
MS_Ovalo2,59,V0,0.171462,-0.337049,0,1
MS_Vueltas del reves,7,V0,0.074402,-0.701145,0,5
MS_Vueltas del reves,9,V0,0.079338,-0.68263,0,7
MS_Vueltas del reves,11,V0,0.080145,-0.6796,0,7
MS_Vueltas del reves,13,V0,0.103614,-0.591562,0,5
MS_Vueltas del reves,15,V0,0.198095,-0.237142,0,5
MS_Vueltas del reves,17,V1,0.152869,0.386236,0,8
MS_Vueltas del reves,19,V1,0.039323,-0.727708,0,11
MS_Vueltas del reves,21,V1,0.063975,-0.485861,0,14
MS_Vueltas del reves,23,V1,0.080845,-0.320361,0,18
MS_Vueltas del reves,25,V1,0.070128,-0.425495,0,18
MS_Vueltas del reves,27,V1,0.10424,-0.090841,0,51
MS_Vueltas del reves,29,V1,0.204488,0.892638,0,13
MS_Hijo,1,V0,0.388074,0.475518,0,28
MS_Hijo,3,V1,0.074443,-0.383168,0,20
MS_Hijo,5,V1,0.010913,-1.006429,0,34
MS_Hijo,7,V1,0.050767,-0.615435,0,32
MS_Hijo,9,V1,0.050767,-0.615435,0,32
MS_Hijo,11,V1,0.050767,-0.615435,0,32
MS_Hijo,13,V1,0.060196,-0.522937,0,32
MS_Hijo,15,V1,0.026034,-0.858081,0,39
MS_Hijo,17,V1,0.02524,-0.865865,0,31
MS_Hijo,19,V0,0.298609,0.139913,0,23
MS_Hijo,21,V1,0.136461,0.225262,0,11
MS_Hijo,23,V0,0.206535,-0.205482,0,8
MS_Hijo,25,V0,0.285465,0.090606,0,9
MS_Hijo,27,V1,0.071335,-0.413652,0,22
MS_Hijo,29,V1,0.065086,-0.474962,0,25
MS_Hijo,31,V1,0.053147,-0.592089,0,27
MS_Hijo,33,V1,0.04522,-0.669854,0,31
MS_Hijo,35,V0,0.052715,-0.782499,0,29
MS_Hijo,37,V1,0.10442,-0.089077,0,32
MS_Hijo,39,V0,0.122975,-0.518934,0,44
MS_Hijo,41,V0,0.014672,-0.925206,0,21
MS_Hijo,43,V0,0.118583,-0.535409,0,15
MS_Hijo,45,V0,0.21733,-0.164986,0,13
MS_Hijo,47,V0,0.143671,-0.441299,0,11
MS_Hijo,49,V1,0.035785,-0.762414,0,15
MS_Hijo,51,V0,0.060387,-0.753719,0,11
MS_Hijo,53,V0,0.080145,-0.6796,0,7
MS_Hijo,55,V0,0.104649,-0.587679,0,5
MS_Hijo,57,V0,0.103614,-0.591562,0,5
MS_Hijo,59,V0,0.051568,-0.786801,0,7
MS_Hijo,61,V0,0.103614,-0.591562,0,5
MS_Hijo,63,V0,0.051568,-0.786801,0,7
MS_Hijo,65,V0,0.103614,-0.591562,0,5
MS_Hijo,67,V0,0.051568,-0.786801,0,7
MS_Hijo,69,V0,0.103614,-0.591562,0,5
MS_Hijo,71,V0,0.051568,-0.786801,0,7
MS_Hijo,73,V0,0.103614,-0.591562,0,5
MS_Hijo,75,V0,0.051568,-0.786801,0,7
MS_Hijo,77,V0,0.103614,-0.591562,0,5
MS_Hijo,79,V0,0.051568,-0.786801,0,7
MS_Hijo,81,V0,0.103614,-0.591562,0,5
MS_Hijo,83,V0,0.051568,-0.786801,0,7
MS_Hijo,85,V0,0.103614,-0.591562,0,5
MS_Hijo,87,V1,0.162234,0.47811,0,11
MS_Hijo,89,V1,0.103559,-0.097521,0,10
MS_Hijo,91,V0,0.153212,-0.405508,0,7
MS_Hijo,93,V1,0.104966,-0.083714,0,6
MS_Hijo,95,V0,0.263773,0.009232,0,3
MS_Hijo,97,V0,0.171462,-0.337049,0,1
MS_Puntilla,1,V1,0.578074,4.557704,1,3
MS_Puntilla,3,V0,0.368773,0.403116,0,5
MS_Puntilla,5,V1,0.031813,-0.801385,0,22
MS_Puntilla,7,V1,0.026075,-0.857675,0,20
MS_Puntilla,9,V1,0.000794,-1.105696,0,24
MS_Puntilla,11,V1,0.029724,-0.821881,0,24
MS_Puntilla,13,V1,0.044637,-0.675575,0,24
MS_Puntilla,15,V1,0.081837,-0.310623,0,22
MS_Puntilla,17,V0,0.078674,-0.685119,0,21
MS_Puntilla,19,V1,0.066204,-0.463995,0,26
MS_Puntilla,21,V0,0.028953,-0.871636,0,20
MS_Puntilla,23,V0,0.097638,-0.613979,0,17
MS_Puntilla,25,V0,0.097514,-0.614445,0,23
MS_Puntilla,27,V1,0.061961,-0.505614,0,18
MS_Puntilla,29,V0,0.051339,-0.78766,0,17
MS_Estrellita,3,V0,0.155922,-0.395343,0,2
MS_Estrellita,5,V0,0.179427,-0.307168,0,3
MS_Estrellita,7,V0,0.326864,0.245904,0,4
MS_Estrellita,9,V1,0.108412,-0.04991,0,3
MS_Estrellita,11,V1,0.108412,-0.04991,0,3
MS_Estrellita,13,V0,0.075019,-0.698832,0,8
MS_Estrellita,15,V1,0.113079,-0.004127,0,9
MS_Estrellita,17,V0,0.08195,-0.672832,0,6
MS_Estrellita,19,V0,0.131169,-0.488196,0,5
MS_Estrellita,21,V0,0.098503,-0.610735,0,4
MS_Estrellita,23,V1,0.092698,-0.204068,0,6
MS_Estrellita,25,V0,0.082795,-0.66966,0,4
MS_Estrellita,27,V1,0.092698,-0.204068,0,6
MS_Estrellita,29,V0,0.072786,-0.707208,0,5
MS_Estrellita,31,V1,0.046397,-0.658304,0,7
MS_Estrellita,33,V0,0.136871,-0.466807,0,6
MS_Estrellita,35,V1,0.253053,1.369084,0,4
MS_Estrellita,37,V0,0.168139,-0.349515,0,4
MS_Jazmín,1,V1,0.305834,1.886898,0,2
MS_Jazmín,3,V0,0.986195,2.719225,1,1
MS_Jazmín,5,V0,0.171462,-0.337049,0,1
MS_Jazmín,7,V0,0.171462,-0.337049,0,1
MS_Jazmín,11,V0,0.981706,2.702384,1,1
MS_Jazmín,13,V0,0.250751,-0.039613,0,3
MS_Jazmín,15,V0,0.981706,2.702384,1,1
MS_Jazmín,17,V0,0.166954,-0.353961,0,4
MS_Jazmín,19,V1,0.260574,1.442876,0,4
MS_Jazmín,21,V1,0.145979,0.318638,0,6
MS_Jazmín,23,V0,0.123521,-0.516888,0,26
MS_Jazmín,25,V1,0.092698,-0.204068,0,6
MS_Jazmín,27,V1,0.029592,-0.82317,0,11
MS_Jazmín,29,V1,0.171398,0.56801,0,11
MS_Jazmín,31,V1,0.086143,-0.268376,0,17
MS_Jazmín,33,V1,0.038114,-0.73957,0,16
MS_Susana,1,V0,0.155922,-0.395343,0,2
MS_Susana,3,V1,0.129326,0.155269,0,4
MS_Susana,5,V1,0.108475,-0.049291,0,5
MS_Susana,7,V1,0.156385,0.420723,0,25
MS_Susana,9,V1,0.191883,0.768984,0,5
MS_Susana,11,V1,0.191883,0.768984,0,5
MS_Susana,13,V0,0.167286,-0.352714,0,6
MS_Susana,15,V1,0.191883,0.768984,0,5
MS_Susana,17,V0,0.205993,-0.207512,0,10
MS_Susana,19,V1,0.085355,-0.27611,0,12
MS_Susana,21,V1,0.404136,2.851292,1,6
MS_Susana,23,V1,0.04846,-0.638066,0,9
MS_Susana,25,V1,0.107812,-0.055793,0,6
MS_Susana,27,V0,0.647214,1.447618,0,5
MS_Susana,29,V0,0.877808,2.312638,1,1
MS_Susana,31,V1,0.165203,0.507235,0,5
MS_Susana,33,V0,0.877808,2.312638,1,1
MS_Susana,35,V1,0.020963,-0.907831,0,16
MS_Susana,37,V1,0.279709,1.630601,0,5
MS_Susana,39,V1,0.087273,-0.257292,0,17
MS_Susana,41,V1,0.218868,1.033715,0,10
MS_Susana,43,V1,0.022722,-0.890576,0,16
MS_Susana,45,V1,0.069966,-0.427082,0,17
MS_Susana,47,V1,0.106118,-0.072417,0,22
MS_Susana,49,V1,0.045391,-0.668181,0,18
MS_Susana,51,V0,0.050177,-0.792019,0,15
MS_Susana,53,V0,0.102984,-0.593925,0,24
MS_Susana,55,V0,0.052375,-0.783773,0,14
MS_Susana,57,V0,0.052375,-0.783773,0,14
MS_Susana,59,V0,0.039868,-0.830689,0,22
MS_Susana,61,V1,0.055309,-0.570877,0,18
MS_Susana,63,V0,0.021903,-0.898082,0,20
MS_Susana,65,V1,0.036998,-0.750514,0,23
MS_Susana,67,V0,0.048736,-0.797427,0,14
MS_Susana,69,V1,0.082864,-0.300547,0,14
MS_Susana,71,V0,0.148403,-0.423547,0,10
MS_Susana,73,V0,0.20679,-0.204524,0,8
MS_Susana,75,V0,0.148403,-0.423547,0,10
MS_Susana,77,V1,0.151882,0.376547,0,11
MS_Susana,79,V0,0.173146,-0.330731,0,11
MS_Susana,81,V1,0.114951,0.014244,0,13
MS_Susana,83,V1,0.084979,-0.279797,0,10
MS_Susana,85,V1,0.141675,0.276414,0,9
MS_Hojas,1,V0,0.155922,-0.395343,0,2
MS_Hojas,3,V1,0.129326,0.155269,0,4
MS_Hojas,5,V1,0.033095,-0.788804,0,4
MS_Hojas,7,V1,0.033095,-0.788804,0,4
MS_Hojas,9,V1,0.033095,-0.788804,0,4
MS_Hojas,11,V1,0.033095,-0.788804,0,4
MS_Hojas,13,V1,0.029592,-0.82317,0,11
MS_Hojas,15,V1,0.019082,-0.926284,0,11
MS_Hojas,17,V1,0.006034,-1.054292,0,10
MS_Hojas,19,V1,0.053856,-0.585135,0,9
MS_Hojas,21,V1,0.033095,-0.788804,0,8
MS_Hojas,23,V1,0.003981,-1.074428,0,19
MS_Hojas,25,V1,0.003981,-1.074428,0,19
MS_Hojas,27,V1,0.067728,-0.449036,0,17
MS_Hojas,29,V1,0.051031,-0.612844,0,7
MS_Hojas,31,V1,0.006034,-1.054292,0,10
MS_Hojas,33,V1,0.053856,-0.585135,0,9
MS_Hojas,35,V1,0.03679,-0.75256,0,16
MS_Hojas,37,V1,0.006907,-1.04572,0,20
MS_Hojas,39,V1,0.008535,-1.029758,0,20
MS_Hojas,41,V1,0.103807,-0.095091,0,25
MS_Hojas,43,V1,0.064263,-0.483037,0,32
MS_Julito,1,V1,0.305834,1.886898,0,2
MS_Julito,3,V1,0.490512,3.698681,1,3
MS_Julito,5,V1,0.139157,0.251716,0,2
MS_Julito,7,V1,0.139157,0.251716,0,2
MS_Julito,9,V1,0.139157,0.251716,0,2
MS_Julito,11,V1,0.139157,0.251716,0,2
MS_Julito,13,V1,0.139157,0.251716,0,2
MS_Julito,15,V1,0.139157,0.251716,0,2
MS_Julito,17,V1,0.139157,0.251716,0,2
MS_Julito,19,V1,0.139157,0.251716,0,2
MS_Julito,21,V1,0.139157,0.251716,0,2
MS_Julito,23,V1,0.076855,-0.359504,0,6
MS_Julito,25,V1,0.156802,0.424818,0,6
MS_Julito,27,V1,0.156802,0.424818,0,6
MS_Julito,29,V1,0.416973,2.977224,1,7
MS_Julito,31,V1,0.105078,-0.082618,0,5
MS_Julito,33,V1,0.006034,-1.054292,0,10
MS_Julito,35,V1,0.031632,-0.803161,0,10
MS_Julito,37,V1,0.028783,-0.83111,0,15
MS_Julito,39,V1,0.014797,-0.968323,0,14
MS_Julito,41,V1,0.040515,-0.716015,0,20
MS_Julito,43,V1,0.042176,-0.699723,0,16
MS_Julito,45,V1,0.057555,-0.548843,0,9
MS_Julito,47,V1,0.045466,-0.667442,0,18
MS_Julito,49,V0,0.054393,-0.776204,0,13
MS_Julito,51,V1,0.036677,-0.753666,0,20
MS_Julito,53,V1,0.104579,-0.087512,0,11
MS_Julito,55,V1,0.037945,-0.741224,0,22
MS_Julito,57,V1,0.021151,-0.90598,0,21
MS_Julito,59,V1,0.071446,-0.412565,0,12
MS_Julito,61,V1,0.045805,-0.664113,0,11
MS_Julito,63,V1,0.058497,-0.539598,0,11
MS_Julito,65,V1,0.05646,-0.559588,0,11
MS_Julito,67,V1,0.137104,0.231569,0,10
MS_Julito,69,V1,0.046803,-0.654323,0,9
MS_Julito,71,V1,0.159155,0.447903,0,8
MS_Julito,81,V0,0.483348,0.832917,0,3
MS_Julito,83,V0,0.948187,2.576647,1,1
MS_Julito,85,V0,0.948187,2.576647,1,1
MS_Julito,87,V0,0.877808,2.312638,1,1
MS_Julito,89,V0,0.080413,-0.678595,0,14
MS_Julito,91,V0,0.171462,-0.337049,0,1
MS_Julito,93,V0,0.103009,-0.593832,0,14
MS_Pensamiento,3,V1,0.033095,-0.788804,0,4
MS_Pensamiento,5,V1,0.033095,-0.788804,0,4
MS_Pensamiento,7,V1,0.033095,-0.788804,0,4
MS_Pensamiento,9,V1,0.033095,-0.788804,0,4
MS_Pensamiento,11,V1,0.033095,-0.788804,0,4
MS_Pensamiento,13,V1,0.191327,0.763525,0,4
MS_Pensamiento,15,V1,0.191327,0.763525,0,4
MS_Pensamiento,17,V1,0.191327,0.763525,0,4
MS_Pensamiento,19,V1,0.394478,2.756534,1,5
MS_Pensamiento,21,V1,0.218222,1.027377,0,5
MS_Pensamiento,23,V0,0.124341,-0.51381,0,14
MS_Pensamiento,25,V1,0.096212,-0.169596,0,19
MS_Pensamiento,27,V1,0.110375,-0.030651,0,11
MS_Pensamiento,29,V0,0.051052,-0.788736,0,19
MS_Pensamiento,31,V1,0.078075,-0.347534,0,15
MS_Pensamiento,33,V0,0.084572,-0.662995,0,13
MS_Pensamiento,35,V0,0.084572,-0.662995,0,13
MS_Pensamiento,37,V1,0.136752,0.228118,0,13
MS_Pensamiento,39,V1,0.185603,0.707367,0,5
MS_Pensamiento,41,V1,0.158227,0.438802,0,10
MS_Pensamiento,43,V1,0.218799,1.033037,0,5
MS_Pensamiento,45,V1,0.120984,0.073422,0,20
MS_Pensamiento,47,V1,0.116562,0.030046,0,50
MS_Pensamiento,49,V0,0.120136,-0.529587,0,15
MS_Pensamiento,51,V1,0.044652,-0.675425,0,13
MS_Penas,1,V0,0.155922,-0.395343,0,2
MS_Penas,3,V1,0.129326,0.155269,0,4
MS_Penas,5,V1,0.033095,-0.788804,0,4
MS_Penas,7,V1,0.127481,0.137167,0,9
MS_Penas,9,V0,0.983907,2.710642,1,1
MS_Penas,11,V1,0.249362,1.332876,0,7
MS_Penas,13,V0,0.993732,2.747496,1,1
MS_Penas,15,V0,0.171462,-0.337049,0,1
MS_Penas,17,V0,0.948187,2.576647,1,1
MS_Penas,19,V0,0.772433,1.917349,0,1
MS_Penas,21,V0,0.993732,2.747496,1,1
MS_Penas,23,V0,0.983907,2.710642,1,1
MS_Penas,25,V0,0.983907,2.710642,1,1
MS_Penas,27,V0,0.983907,2.710642,1,1
MS_Penas,29,V0,0.983907,2.710642,1,1
MS_Penas,31,V0,0.877808,2.312638,1,1
MS_Penas,33,V1,0.074488,-0.38272,0,14
MS_Penas,35,V1,0.056507,-0.559126,0,8
MS_Penas,37,V1,0.067311,-0.453128,0,12
MS_Penas,39,V1,0.166368,0.51867,0,14
MS_Penas,41,V1,0.032258,-0.797016,0,12
MS_Penas,43,V1,0.030546,-0.813819,0,12
MS_Penas,47,V1,0.057307,-0.551274,0,13
MS_Penas,45,V1,0.020074,-0.916555,0,14
MS_Penas,49,V0,0.119626,-0.531498,0,9
MS_Penas,54,V0,0.155922,-0.395343,0,2
MS_Penas,56,V1,0.102215,-0.110702,0,4
MS_Penas,58,V1,0.139157,0.251716,0,4
MS_Penas,60,V1,0.006034,-1.054292,0,10
MS_Penas,62,V1,0.031632,-0.803161,0,10
MS_Penas,64,V0,0.082554,-0.670566,0,8
MS_Penas,66,V1,0.26629,1.498947,0,10
MS_Penas,68,V0,0.103467,-0.592114,0,5
MS_Pelargonia,3,V1,0.305834,1.886898,0,2
MS_Pelargonia,5,V1,0.139157,0.251716,0,2
MS_Pelargonia,7,V1,0.139157,0.251716,0,2
MS_Pelargonia,9,V1,0.139157,0.251716,0,2
MS_Pelargonia,11,V1,0.139157,0.251716,0,2
MS_Pelargonia,13,V1,0.139157,0.251716,0,2
MS_Pelargonia,15,V1,0.139157,0.251716,0,2
MS_Pelargonia,17,V1,0.139157,0.251716,0,2
MS_Pelargonia,19,V1,0.139157,0.251716,0,2
MS_Pelargonia,21,V1,0.139157,0.251716,0,2
MS_Pelargonia,23,V1,0.040633,-0.714857,0,8
MS_Pelargonia,25,V1,0.142507,0.284576,0,8
MS_Pelargonia,27,V1,0.277797,1.611837,0,9
MS_Pelargonia,29,V1,0.106798,-0.065741,0,11
MS_Pelargonia,31,V1,0.053856,-0.585135,0,9
MS_Pelargonia,33,V1,0.029334,-0.82571,0,12
MS_Pelargonia,35,V1,0.016084,-0.955694,0,17
MS_Pelargonia,37,V1,0.145583,0.314759,0,13
MS_Pelargonia,39,V1,0.024843,-0.869761,0,16
MS_Pelargonia,41,V1,0.050243,-0.620573,0,11
MS_Pelargonia,43,V1,0.035375,-0.766441,0,16
MS_Pelargonia,45,V1,0.082154,-0.30751,0,11
MS_Pelargonia,47,V1,0.155532,0.412358,0,13
MS_Pelargonia,49,V1,0.037003,-0.75047,0,11
MS_Pelargonia,51,V1,0.037095,-0.749567,0,17
MS_Pelargonia,53,V1,0.027201,-0.846628,0,19
MS_Pelargonia,55,V1,0.031441,-0.805032,0,18
MS_Pelargonia,57,V1,0.05061,-0.616974,0,19
MS_Pelargonia,59,V1,0.042512,-0.696418,0,17
MS_Pelargonia,61,V1,0.035029,-0.76983,0,15
MS_Pelargonia,63,V1,0.070854,-0.418377,0,25
MS_Pelargonia,64,V0,0.292909,0.118529,0,40
MS_Pelargonia,65,V1,0.073393,-0.393462,0,21
MS_Pelargonia,67,V1,0.073949,-0.388011,0,17
MS_Pelargonia,69,V1,0.03254,-0.794253,0,12
MS_Pelargonia,71,V1,0.413781,2.945907,1,17
MS_Pelargonia,73,V1,0.232416,1.166629,0,6
MS_Pelargonia,75,V1,0.232416,1.166629,0,6
MS_Pelargonia,77,V1,0.232416,1.166629,0,6
MS_Pelargonia,79,V0,0.188818,-0.271941,0,6
MS_Dalia,3,V1,0.114783,0.012591,0,4
MS_Dalia,5,V1,0.033095,-0.788804,0,4
MS_Dalia,7,V1,0.033095,-0.788804,0,4
MS_Dalia,9,V1,0.033095,-0.788804,0,4
MS_Dalia,11,V1,0.033095,-0.788804,0,4
MS_Dalia,13,V1,0.033095,-0.788804,0,4
MS_Dalia,15,V0,0.079681,-0.681342,0,6
MS_Dalia,17,V1,0.128812,0.150227,0,6
MS_Dalia,19,V0,0.134431,-0.475963,0,6
MS_Dalia,21,V0,0.107844,-0.575697,0,6
MS_Dalia,23,V1,0.065033,-0.475482,0,18
MS_Dalia,25,V1,0.045466,-0.667442,0,12
MS_Dalia,27,V1,0.053856,-0.585135,0,9
MS_Dalia,33,V1,0.139157,0.251716,0,4
MS_Dalia,35,V1,0.215627,1.001916,0,5
MS_Dalia,37,V1,0.215627,1.001916,0,5
MS_Dalia,39,V0,0.22216,-0.146867,0,5
MS_Dalia,41,V0,0.353666,0.346444,0,5
MS_Dalia,43,V0,0.184383,-0.288577,0,5
MS_Dalia,45,V0,0.158561,-0.385444,0,3
MS_Rita,5,V1,0.116684,0.03124,0,3
MS_Rita,7,V1,0.033095,-0.788804,0,4
MS_Rita,9,V1,0.08942,-0.236233,0,9
MS_Rita,15,V1,0.156802,0.424818,0,6
MS_Rita,17,V1,0.156802,0.424818,0,6
MS_Rita,19,V1,0.156802,0.424818,0,6
MS_Rita,21,V1,0.416973,2.977224,1,7
MS_Rita,23,V1,0.105078,-0.082618,0,5
MS_Rita,25,V1,0.033095,-0.788804,0,8
MS_Rita,27,V1,0.031656,-0.802925,0,11
MS_Rita,29,V1,0.031632,-0.803161,0,10
MS_Rita,31,V1,0.031656,-0.802925,0,11
MS_Rita,33,V1,0.017513,-0.941672,0,16
MS_Rita,35,V1,0.035012,-0.770004,0,12
MS_Rita,37,V1,0.025233,-0.865939,0,10
MS_Rita,39,V1,0.066109,-0.464928,0,12
MS_Rita,41,V1,0.068736,-0.439152,0,12
MS_Rita,43,V1,0.048141,-0.641199,0,10
MS_Rita,45,V1,0.122105,0.084422,0,12
MS_Rita,47,V1,0.048141,-0.641199,0,10
MS_Rita,49,V1,0.02685,-0.850069,0,16
MS_Rita,51,V1,0.016673,-0.949917,0,17
MS_Rita,53,V1,0.012446,-0.991382,0,21
MS_Rita,55,V1,0.06267,-0.498662,0,18
MS_Rita,57,V1,0.024562,-0.872517,0,19
MS_Rita,59,V1,0.105379,-0.079671,0,11
MS_Rita,61,V1,0.033182,-0.787951,0,23
MS_Rita,63,V1,0.088221,-0.247993,0,22
MS_Rita,65,V1,0.118479,0.048855,0,18
MS_Rita,67,V1,0.064756,-0.4782,0,23
MS_Rita,69,V0,0.412846,0.568445,0,22
MS_Rita,71,V1,0.038895,-0.731903,0,18
MS_Rita,73,V0,0.1081,-0.574734,0,16
MS_Rita,75,V0,0.080262,-0.679162,0,10
MS_Rita,77,V1,0.068706,-0.439444,0,21
MS_Rita,79,V1,0.032666,-0.793016,0,31
MS_Rita,81,V1,0.053878,-0.584916,0,23
MS_Rita,83,V1,0.107904,-0.054898,0,17
MS_Rita,85,V1,0.015161,-0.964748,0,32
MS_Rita,87,V1,0.09499,-0.181584,0,10
MS_Rita,89,V1,0.028374,-0.835121,0,32
MS_Rita,91,V1,0.038119,-0.739516,0,30
MS_Rita,93,V1,0.192166,0.77176,0,35
MS_Rita,95,V1,0.036126,-0.759074,0,29
MS_Rita,97,V0,0.101,-0.60137,0,16
MS_Rita,99,V1,0.023563,-0.882319,0,32
MS_Rita,101,V0,0.12343,-0.51723,0,31
MS_Rita,103,V1,0.069021,-0.436353,0,16
MS_Rita,105,V1,0.013008,-0.985872,0,30
MS_Rita,107,V0,0.050999,-0.788934,0,10
MS_Rita,109,V1,0.013111,-0.984862,0,39
MS_Rita,111,V1,0.041867,-0.702748,0,32
MS_Rita,113,V0,0.067148,-0.728359,0,16
MS_Salvador,1,V0,0.171462,-0.337049,0,1
MS_Salvador,5,V1,0.102215,-0.110702,0,4
MS_Salvador,7,V1,0.598982,4.762826,1,2
MS_Salvador,9,V1,0.598982,4.762826,1,2
MS_Salvador,11,V0,0.303076,0.156669,0,7
MS_Salvador,13,V1,0.308408,1.912148,0,7
MS_Salvador,15,V1,0.308408,1.912148,0,7
MS_Salvador,17,V1,0.308408,1.912148,0,7
MS_Salvador,19,V1,0.308408,1.912148,0,7
MS_Salvador,21,V1,0.308408,1.912148,0,7
MS_Salvador,23,V1,0.308408,1.912148,0,7
MS_Salvador,25,V1,0.308408,1.912148,0,7
MS_Salvador,27,V1,0.308408,1.912148,0,7
MS_Salvador,29,V1,0.128408,0.146263,0,8
MS_Salvador,31,V1,0.02964,-0.822701,0,10
MS_Salvador,33,V1,0.113885,0.003778,0,16
MS_Salvador,35,V1,0.082274,-0.306333,0,16
MS_Salvador,37,V1,0.076681,-0.361212,0,22
MS_Salvador,39,V1,0.075463,-0.373161,0,24
MS_Salvador,41,V1,0.019316,-0.923982,0,22
MS_Salvador,43,V1,0.1218,0.081429,0,14
MS_Salvador,45,V1,0.045241,-0.66965,0,19
MS_Salvador,47,V0,0.033271,-0.855437,0,17
MS_Salvador,49,V1,0.037223,-0.748306,0,34
MS_Salvador,51,V1,0.076392,-0.364042,0,15
MS_Salvador,53,V1,0.015972,-0.956795,0,27
MS_Salvador,55,V1,0.013459,-0.981445,0,24
MS_Salvador,57,V1,0.078323,-0.345098,0,30
MS_Salvador,59,V1,0.099096,-0.141305,0,17
MS_Salvador,61,V1,0.121044,0.074014,0,26
MS_Salvador,63,V1,0.114107,0.005957,0,18
MS_Salvador,65,V1,0.028607,-0.832837,0,28
MS_Salvador,67,V1,0.044814,-0.673839,0,31
MS_Salvador,69,V1,0.070722,-0.419664,0,39
MS_Salvador,71,V1,0.042309,-0.698414,0,40
MS_Salvador,73,V1,0.068141,-0.444988,0,62
MS_Salvador,75,V1,0.088283,-0.247388,0,30
MS_Salvador,77,V1,0.082548,-0.303653,0,28
MS_Salvador,79,V1,0.062492,-0.500411,0,42
MS_Salvador,81,V1,0.040161,-0.719482,0,46
MS_Salvador,83,V0,0.094147,-0.627078,0,32
MS_Salvador,85,V1,0.088796,-0.242355,0,41
MS_Salvador,87,V0,0.05651,-0.768264,0,61
MS_Salvador,89,V1,0.047603,-0.646474,0,36
MS_Salvador,91,V1,0.044259,-0.679285,0,36
MS_Salvador,93,V1,0.086001,-0.26977,0,45
MS_Salvador,95,V1,0.063095,-0.494494,0,41
MS_Salvador,97,V1,0.067068,-0.455515,0,47
MS_Salvador,99,V1,0.039336,-0.727576,0,41
MS_Salvador,101,V1,0.040005,-0.721013,0,35
MS_Salvador,103,V1,0.077689,-0.351316,0,24
MS_Salvador,105,V1,0.065448,-0.471407,0,21
MS_Salvador,107,V1,0.109867,-0.035637,0,15
MS_Salvador,109,V1,0.218801,1.033058,0,15
MS_Salvador,111,V0,0.877808,2.312638,1,1
MS_Salvador,113,V1,0.165203,0.507235,0,5
MS_Salvador,115,V1,0.375058,2.566015,1,2
MS_Salvador,117,V1,0.107812,-0.055793,0,6
MS_Salvador,119,V0,0.240266,-0.078948,0,3
MS_Salvador,121,V0,0.274703,0.050235,0,5
MS_Salvador,123,V0,0.174784,-0.324588,0,8
MS_Salvador,125,V0,0.116517,-0.543159,0,12
MS_Salvador,127,V0,0.094282,-0.626572,0,16
MS_Salvador,129,V0,0.098545,-0.610578,0,17
MS_Salvador,131,V0,0.070741,-0.714879,0,17
MS_Salvador,133,V0,0.175008,-0.323747,0,16
MS_Salvador,135,V0,0.070741,-0.714879,0,17
MS_Salvador,137,V0,0.12206,-0.522368,0,17
MS_Salvador,139,V0,0.070741,-0.714879,0,17
MS_Salvador,141,V0,0.09822,-0.611799,0,27
MS_Salvador,143,V1,0.119195,0.055877,0,16
MS_Salvador,145,V1,0.121224,0.075778,0,23
MS_Salvador,147,V1,0.078434,-0.344008,0,26
MS_Salvador,149,V0,0.099958,-0.605279,0,10
MS_Salvador,151,V0,0.044808,-0.81216,0,10
MS_Salvador,153,V0,0.044255,-0.814234,0,10
MS_Mariposa,3,V1,0.490512,3.698681,1,3
MS_Mariposa,5,V0,0.253221,-0.030349,0,2
MS_Mariposa,7,V1,0.139157,0.251716,0,2
MS_Mariposa,9,V1,0.220779,1.052462,0,6
MS_Mariposa,11,V1,0.033095,-0.788804,0,4
MS_Mariposa,13,V1,0.129326,0.155269,0,8
MS_Mariposa,15,V1,0.03688,-0.751677,0,8
MS_Mariposa,17,V0,0.134431,-0.475963,0,6
MS_Mariposa,19,V1,0.128812,0.150227,0,6
MS_Mariposa,21,V0,0.134431,-0.475963,0,6
MS_Mariposa,23,V1,0.128812,0.150227,0,6
MS_Mariposa,25,V0,0.134431,-0.475963,0,6
MS_Mariposa,27,V0,0.079681,-0.681342,0,6
MS_Mariposa,29,V1,0.077394,-0.354216,0,12
MS_Mariposa,31,V0,0.069505,-0.719513,0,12
MS_Mariposa,33,V0,0.056092,-0.76983,0,31
MS_Mariposa,35,V1,0.11081,-0.02639,0,13
MS_Mariposa,37,V1,0.161001,0.466012,0,11
MS_Mariposa,39,V1,0.353415,2.353689,1,7
MS_Mariposa,41,V1,0.198643,0.835303,0,5
MS_Punto Montaña,1,V1,0.006034,-1.054292,0,20
MS_Punto Montaña,3,V1,0.014834,-0.967955,0,21
MS_Punto Montaña,5,V1,0.18514,0.702824,0,22
MS_Punto Montaña,7,V1,0.042559,-0.695957,0,17
MS_Marianin o Katiuska,1,V1,0.490512,3.698681,1,3
MS_Marianin o Katiuska,3,V0,0.12834,-0.49881,0,5
MS_Marianin o Katiuska,5,V1,0.011351,-1.002126,0,9
MS_Marianin o Katiuska,7,V1,0.096122,-0.170481,0,10
MS_Marianin o Katiuska,9,V1,0.096122,-0.170481,0,10
MS_Marianin o Katiuska,11,V1,0.096122,-0.170481,0,10
MS_Marianin o Katiuska,13,V1,0.096122,-0.170481,0,10
MS_Marianin o Katiuska,15,V1,0.107673,-0.057162,0,14
MS_Marianin o Katiuska,17,V1,0.083305,-0.296219,0,34
MS_Marianin o Katiuska,19,V1,0.162762,0.483289,0,234
MS_Marianin o Katiuska,21,V1,0.174499,0.598438,0,2234
MS_Marianin o Katiuska,23,V1,0.175717,0.610383,0,22234
MS_Marianin o Katiuska,25,V1,0.126614,0.128664,0,18
MS_Marianin o Katiuska,27,V1,0.024346,-0.874644,0,16
MS_Marianin o Katiuska,29,V1,0.065009,-0.475712,0,19
MS_Marianin o Katiuska,31,V1,0.138516,0.245429,0,8
MS_Marianin o Katiuska,33,V1,0.138516,0.245429,0,8
MS_Marianin o Katiuska,35,V1,0.138516,0.245429,0,8
MS_Marianin o Katiuska,37,V1,0.050522,-0.617844,0,20
MS_Marianin o Katiuska,39,V1,0.051181,-0.611372,0,19
MS_Marianin o Katiuska,41,V1,0.060421,-0.520731,0,12
MS_Marianin o Katiuska,43,V1,0.030819,-0.811141,0,19
MS_Marianin o Katiuska,45,V1,0.086852,-0.261423,0,19
MS_Marianin o Katiuska,47,V1,0.019057,-0.92653,0,27
MS_Marianin o Katiuska,49,V1,0.026728,-0.851269,0,17
MS_Puntilla pequeña Salvador,111,V1,0.115354,0.018192,0,8
MS_Puntilla pequeña Salvador,113,V0,0.551488,1.088527,0,24
MS_Puntilla pequeña Salvador,115,V0,0.64158,1.426483,0,23
MS_Puntilla pequeña Salvador,117,V1,0.087347,-0.256566,0,13
MS_Puntilla pequeña Salvador,119,V1,0.216025,1.005825,0,55
MS_Araceli,1,V0,0.155922,-0.395343,0,4
MS_Araceli,3,V0,0.155922,-0.395343,0,4
MS_Araceli,5,V1,0.305834,1.886898,0,4
MS_Araceli,7,V1,0.139157,0.251716,0,4
MS_Araceli,9,V1,0.279681,1.63032,0,3
MS_Araceli,11,V1,0.135873,0.219491,0,5
MS_Araceli,13,V0,0.079875,-0.680615,0,6
MS_Araceli,15,V1,0.011351,-1.002126,0,9
MS_Araceli,17,V1,0.03836,-0.737151,0,10
MS_Araceli,19,V1,0.075106,-0.376657,0,9
MS_Araceli,21,V1,0.099693,-0.135447,0,7
MS_Araceli,23,V1,0.126845,0.130925,0,7
MS_Araceli,25,V1,0.16999,0.554203,0,7
MS_Araceli,27,V1,0.101829,-0.114495,0,7
MS_Araceli,29,V1,0.16999,0.554203,0,7
MS_Araceli,31,V1,0.101829,-0.114495,0,7
MS_Araceli,33,V1,0.16999,0.554203,0,7
MS_Araceli,35,V1,0.16999,0.554203,0,7
MS_Araceli,37,V0,0.353666,0.346444,0,5
MS_Araceli,39,V0,0.353666,0.346444,0,5
MS_Araceli,41,V1,0.107083,-0.062951,0,12
MS_Araceli,43,V1,0.238948,1.230714,0,11
MS_Araceli,45,V0,0.255433,-0.022052,0,8
MS_Araceli,47,V0,0.184677,-0.287477,0,12
MS_Araceli,49,V0,0.091665,-0.636389,0,13
MS_Araceli,51,V1,0.113328,-0.001687,0,14
MS_Araceli,53,V0,0.074885,-0.699334,0,16
MS_Araceli,55,V1,0.031052,-0.808852,0,18
MS_Araceli,57,V1,0.079558,-0.332986,0,14
MS_Araceli,59,V0,0.137469,-0.464565,0,19
MS_Araceli,61,V1,0.142469,0.284201,0,17
MS_Araceli,63,V0,0.088832,-0.647015,0,21
MS_Araceli,65,V0,0.099958,-0.605279,0,10
MS_Araceli,67,V0,0.063889,-0.740581,0,14
MS_Araceli,69,V0,0.104705,-0.587471,0,12
MS_Araceli,71,V0,0.252464,-0.033187,0,4
MS_Araceli,73,V0,0.253221,-0.030349,0,6
MS_Araceli,75,V0,0.228044,-0.124795,0,6
MS_Araceli,77,V0,0.301976,0.152542,0,6
MS_Araceli,79,V0,0.188265,-0.274014,0,7
MS_Araceli,81,V1,0.207415,0.921355,0,20
MS_Araceli,83,V1,0.094153,-0.189797,0,25
MS_Araceli,85,V1,0.07667,-0.361315,0,24
MS_Araceli,87,V1,0.031647,-0.80301,0,28
MS_Araceli,89,V0,0.1189,-0.534221,0,16
MS_Araceli,91,V0,0.093766,-0.628506,0,20
MS_Araceli,93,V0,0.06408,-0.739866,0,28
MS_Araceli,95,V1,0.058159,-0.542919,0,8
MS_Araceli,97,V1,0.058159,-0.542919,0,8
MS_Araceli,99,V1,0.058159,-0.542919,0,8
MS_Araceli,101,V1,0.110867,-0.025828,0,8
MS_Araceli,103,V1,0.117343,0.037702,0,16
MS_Araceli,105,V1,0.140885,0.268664,0,6
MS_Puntilla1,1,V1,0.102215,-0.110702,0,4
MS_Puntilla1,3,V1,0.071698,-0.410088,0,6
MS_Puntilla1,5,V1,0.049064,-0.632145,0,10
MS_Puntilla1,7,V1,0.051341,-0.609808,0,12
MS_Puntilla1,9,V1,0.092678,-0.204269,0,13
MS_Vaño Mimosa,3,V1,0.226874,1.112262,0,5
MS_Vaño Mimosa,5,V0,0.684174,1.586266,0,2
MS_Vaño Mimosa,7,V0,0.340033,0.295304,0,6
MS_Vaño Mimosa,9,V1,0.277338,1.607334,0,6
MS_Vaño Mimosa,11,V1,0.277338,1.607334,0,6
MS_Vaño Mimosa,13,V1,0.072853,-0.398761,0,8
MS_Vaño Mimosa,15,V1,0.09916,-0.140677,0,6
MS_Vaño Mimosa,17,V1,0.088506,-0.245202,0,8
MS_Vaño Mimosa,19,V1,0.04933,-0.629531,0,13
MS_Vaño Mimosa,21,V1,0.092829,-0.202789,0,12
MS_Vaño Mimosa,23,V1,0.054632,-0.577519,0,20
MS_Vaño Mimosa,25,V1,0.042176,-0.699723,0,16
MS_Vaño Mimosa,27,V1,0.035554,-0.764681,0,22
MS_Vaño Mimosa,29,V1,0.05746,-0.549776,0,21
MS_Vaño Mimosa,31,V1,0.049676,-0.626136,0,29
MS_Vaño Mimosa,33,V1,0.042499,-0.696546,0,31
MS_Vaño Mimosa,35,V1,0.091777,-0.213111,0,38
MS_Vaño Mimosa,37,V1,0.098653,-0.14565,0,40
MS_Vaño Mimosa,39,V0,0.098523,-0.610659,0,20
MS_Vaño Mimosa,41,V0,0.090199,-0.641887,0,23
MS_Vaño Mimosa,43,V1,0.075715,-0.370683,0,25
MS_Vaño Mimosa,45,V0,0.083241,-0.667989,0,20
MS_Vaño Mimosa,47,V0,0.081872,-0.673124,0,19
MS_Vaño Mimosa,49,V1,0.07534,-0.37436,0,23
MS_Vaño Mimosa,51,V1,0.07086,-0.418314,0,37
MS_Vaño Mimosa,53,V1,0.055943,-0.564655,0,45
MS_Vaño Mimosa,55,V1,0.026428,-0.854214,0,43
MS_Vaño Mimosa,57,V1,0.129459,0.156568,0,51
MS_Vaño Mimosa,59,V0,0.077779,-0.688477,0,41
MS_Vaño Mimosa,61,V0,0.087854,-0.650682,0,32
MS_Vaño Mimosa,63,V0,0.062207,-0.74689,0,31
MS_Vaño Mimosa,65,V0,0.088692,-0.647541,0,34
MS_Vaño Mimosa,67,V0,0.080885,-0.676825,0,37
MS_Vaño Mimosa,69,V1,0.126124,0.12385,0,36
MS_Vaño Mimosa,71,V1,0.091366,-0.217137,0,61
MS_Vaño Mimosa,73,V0,0.101754,-0.598541,0,29
MS_Vaño Mimosa,75,V0,0.063186,-0.743219,0,28
MS_Vaño Mimosa,77,V0,0.043409,-0.817407,0,31
MS_Vaño Mimosa,79,V0,0.101458,-0.59965,0,27
MS_Vaño Mimosa,81,V1,0.086476,-0.265115,0,27
MS_Vaño Mimosa,83,V1,0.106679,-0.066913,0,25
MS_Vaño Mimosa,85,V1,0.029576,-0.823334,0,43
MS_Vaño Mimosa,87,V1,0.051813,-0.605173,0,49
MS_Vaño Mimosa,89,V0,0.043531,-0.816949,0,71
MS_Vaño Mimosa,91,V1,0.067558,-0.450704,0,69
MS_Vaño Mimosa,93,V0,0.07373,-0.703667,0,59
MS_Vaño Mimosa,95,V1,0.109745,-0.036836,0,19
MS_Vaño Mimosa,97,V0,0.069697,-0.718793,0,27
MS_Vaño Mimosa,99,V1,0.033491,-0.784925,0,17
MS_Vaño Mimosa,101,V1,0.035029,-0.76983,0,15
MS_Vaño Mimosa,103,V1,0.035029,-0.76983,0,15
MS_Vaño Mimosa,105,V1,0.035029,-0.76983,0,15
MS_Vaño Mimosa,107,V1,0.058159,-0.542919,0,8
MS_Vaño Mimosa,109,V1,0.058159,-0.542919,0,8
MS_Vaño Mimosa,111,V1,0.110867,-0.025828,0,8
MS_Leonor,1,V1,0.139157,0.251716,0,2
MS_Leonor,3,V1,0.294305,1.773789,0,2
MS_Leonor,5,V0,0.333794,0.271902,0,4
MS_Leonor,7,V0,0.340033,0.295304,0,6
MS_Leonor,9,V1,0.277338,1.607334,0,6
MS_Leonor,11,V1,0.277338,1.607334,0,6
MS_Leonor,13,V1,0.277338,1.607334,0,6
MS_Leonor,15,V1,0.277338,1.607334,0,6
MS_Leonor,17,V1,0.277338,1.607334,0,6
MS_Leonor,19,V1,0.277338,1.607334,0,6
MS_Leonor,21,V1,0.137607,0.236502,0,7
MS_Leonor,23,V1,0.061437,-0.510762,0,9
MS_Leonor,25,V1,0.026565,-0.852874,0,11
MS_Leonor,27,V1,0.055299,-0.570976,0,15
MS_Leonor,29,V1,0.107304,-0.060785,0,16
MS_Leonor,31,V1,0.098307,-0.14905,0,19
MS_Leonor,33,V1,0.040414,-0.717006,0,27
MS_Leonor,35,V0,0.876785,2.3088,1,61
MS_Leonor,37,V0,0.872183,2.291537,1,30
MS_Leonor,39,V0,0.864563,2.262949,1,31
MS_Leonor,41,V0,0.890142,2.358905,1,37
MS_Leonor,43,V0,0.807999,2.050765,1,23
MS_Leonor,45,V0,0.851042,2.212228,1,17
MS_Leonor,47,V0,0.807409,2.048552,1,29
MS_Leonor,49,V0,0.787293,1.973093,0,26
MS_Leonor,51,V0,0.867775,2.275,1,31
MS_Leonor,53,V0,0.850272,2.209342,1,35
MS_Leonor,55,V0,0.874196,2.299086,1,50
MS_Leonor,57,V0,0.868411,2.277385,1,76
MS_Leonor,59,V0,0.789486,1.981316,0,29
MS_Leonor,61,V0,0.81217,2.066413,1,50
MS_Leonor,63,V0,0.831505,2.138941,1,49
MS_Leonor,65,V0,0.865135,2.265098,1,55
MS_Leonor,67,V0,0.787812,1.975039,0,36
MS_Leonor,69,V0,0.868576,2.278003,1,67
MS_Leonor,71,V0,0.832033,2.140923,1,54
MS_Leonor,73,V0,0.859368,2.243461,1,54
MS_Leonor,75,V0,0.764817,1.888778,0,50
MS_Leonor,77,V0,0.837407,2.16108,1,64
MS_Leonor,79,V0,0.878757,2.316198,1,62
MS_Leonor,81,V0,0.848366,2.202193,1,60
MS_Leonor,83,V0,0.872475,2.29263,1,74
MS_Leonor,85,V0,0.805409,2.041049,1,59
MS_Leonor,87,V0,0.823265,2.108032,1,54
MS_Leonor,89,V0,0.718974,1.716808,0,62
MS_Leonor,91,V0,0.76599,1.893179,0,57
MS_Leonor,93,V0,0.792587,1.992951,0,55
MS_Leonor,95,V0,0.76442,1.887289,0,47
MS_Leonor,97,V0,0.859,2.242081,1,86
MS_Leonor,99,V0,0.804164,2.036377,1,76
MS_Leonor,101,V0,0.805388,2.040971,1,58
MS_Leonor,103,V0,0.794787,2.001204,1,45
MS_Leonor,105,V0,0.780012,1.94578,0,37
MS_Leonor,107,V0,0.49281,0.868409,0,19
MS_Leonor,109,V0,0.668397,1.52708,0,290
MS_Leonor,111,V1,0.142182,0.281386,0,8
MS_Leonor,113,V1,0.136888,0.22945,0,10
MS_Puntilla2,1,V0,0.3329,0.268545,0,17
MS_Puntilla2,3,V0,0.140334,-0.453816,0,14
MS_Puntilla2,5,V0,0.067606,-0.72664,0,12
MS_Puntilla2,7,V0,0.04689,-0.804349,0,12
MS_Puntilla2,9,V0,0.063264,-0.742927,0,16
MS_Puntilla2,11,V0,0.01918,-0.908299,0,15
MS_Puntilla2,13,V0,0.066385,-0.731219,0,11
MS_Puntilla2,15,V0,0.252464,-0.033187,0,4
MS_Puntilla2,17,V0,0.419806,0.594555,0,6
MS_Puntilla2,19,V0,0.422018,0.602852,0,6
MS_Puntilla2,21,V1,0.109793,-0.03636,0,11
MS_Puntilla2,23,V0,0.078219,-0.686826,0,12
MS_Puntilla2,25,V0,0.407177,0.547181,0,6
MS_Puntilla2,27,V0,0.87696,2.309456,1,2
MS_Puntilla2,29,V0,0.07702,-0.691323,0,11
MS_Puntilla2,31,V0,0.270157,0.033182,0,8
MS_Puntilla2,33,V0,0.377498,0.435845,0,2
MS_Puntilla2,35,V0,0.88527,2.340626,1,4
MS_Puntilla2,37,V0,0.891485,2.363942,1,14
MS_Puntilla2,39,V0,0.880497,2.322723,1,19
MS_Puntilla2,41,V0,0.892083,2.366186,1,16
MS_Puntilla2,43,V0,0.500624,0.897722,0,26
MS_Puntilla2,45,V0,0.545004,1.064202,0,10
MS_Puntilla2,47,V0,0.844115,2.186245,1,10
MS_Puntilla2,49,V0,0.844115,2.186245,1,10
MS_Gafitas1,37,V0,0.158684,-0.384982,0,5
MS_Gafitas1,39,V0,0.348817,0.328257,0,6
MS_Gafitas1,41,V0,0.348817,0.328257,0,6
MS_Gafitas1,43,V0,0.333794,0.271902,0,8
MS_Gafitas1,45,V0,0.530157,1.008509,0,4
MS_Gafitas1,47,V0,0.171462,-0.337049,0,1
MS_Puntilla nueva,5,V0,0.118988,-0.533892,0,8
MS_Puntilla nueva,7,V0,0.248431,-0.048318,0,9
MS_Puntilla nueva,9,V1,0.02298,-0.88804,0,23
MS_Puntilla nueva,11,V1,0.041197,-0.70932,0,21
MS_Puntilla nueva,13,V1,0.034657,-0.773479,0,19
MS_Puntilla nueva,15,V1,0.138121,0.241547,0,15
MS_Puntilla nueva,17,V0,0.048981,-0.796505,0,14
MS_Puntilla nueva,19,V1,0.09833,-0.148819,0,12
MS_Puntilla nueva,21,V1,0.094704,-0.184396,0,10
MS_Puntilla nueva,23,V0,0.114274,-0.551574,0,5
MS_Puntilla nueva,25,V1,0.078524,-0.343126,0,16
MS_Puntilla nueva,27,V0,0.110024,-0.567519,0,11
MS_Puntilla nueva,29,V0,0.082013,-0.672593,0,18
MS_Puntilla nueva,31,V1,0.098537,-0.146787,0,16
MS_Blumen Flor,1,V1,0.606732,4.838853,1,1
MS_Blumen Flor,3,V0,0.259223,-0.007834,0,4
MS_Blumen Flor,5,V0,0.158561,-0.385444,0,3
MS_Blumen Flor,7,V1,0.108412,-0.04991,0,6
MS_Blumen Flor,9,V0,0.098566,-0.610501,0,9
MS_Blumen Flor,11,V1,0.020074,-0.916555,0,14
MS_Blumen Flor,13,V1,0.050799,-0.615121,0,11
MS_Blumen Flor,15,V1,0.050799,-0.615121,0,11
MS_Blumen Flor,17,V1,0.050799,-0.615121,0,11
MS_Blumen Flor,19,V1,0.160024,0.456432,0,9
MS_Blumen Flor,21,V1,0.126845,0.130925,0,7
MS_Blumen Flor,23,V1,0.213052,0.976656,0,9
MS_Blumen Flor,25,V1,0.126845,0.130925,0,7
MS_Blumen Flor,27,V1,0.211453,0.960973,0,9
MS_Blumen Flor,29,V1,0.096913,-0.162725,0,7
MS_Blumen Flor,101,V1,0.152115,0.378839,0,9
MS_Blumen Flor,103,V1,0.025233,-0.865939,0,10
MS_Blumen Flor,105,V1,0.025233,-0.865939,0,10
MS_Blumen Flor,107,V1,0.024133,-0.876729,0,12
MS_Blumen Flor,109,V0,0.303076,0.156669,0,14
MS_Blumen Flor,111,V0,0.1466,-0.430313,0,6
MS_Blumen Flor,113,V0,0.22216,-0.146867,0,5
MS_Blumen Flor,115,V0,0.158561,-0.385444,0,3
MS_Blumen Flor,117,V0,0.780921,1.94919,0,1
MS_Grafico B - Puntilla,1,V1,0.031764,-0.801865,0,9
MS_Grafico B - Puntilla,3,V1,0.07057,-0.421164,0,15
MS_Grafico B - Puntilla,5,V1,0.074633,-0.381304,0,15
MS_Grafico B - Puntilla,7,V1,0.051256,-0.610643,0,14
MS_Grafico B - Puntilla,9,V1,0.073613,-0.391303,0,25
MS_Grafico B - Puntilla,11,V1,0.040627,-0.714915,0,25
MS_Grafico B - Puntilla,13,V1,0.041858,-0.702838,0,22
MS_Grafico B - Puntilla,15,V1,0.065089,-0.474928,0,24
MS_Grafico B - Puntilla,17,V1,0.05505,-0.573421,0,19
MS_Grafico B - Puntilla,19,V1,0.05505,-0.573421,0,19
MS_Grafico B - Puntilla,21,V1,0.05505,-0.573421,0,19
MS_Grafico B - Puntilla,23,V1,0.052863,-0.59487,0,17
MS_Grafico B - Puntilla,25,V1,0.042388,-0.697635,0,12
MS_Grafico B - Puntilla,27,V1,0.047125,-0.651163,0,17
MS_Grafico B - Puntilla,29,V1,0.036522,-0.755185,0,17
MS_Grafico B - Puntilla,31,V1,0.050097,-0.622006,0,24
MS_Grafico B - Puntilla,33,V1,0.062148,-0.503784,0,21
MS_Grafico B - Puntilla,35,V1,0.00647,-1.050007,0,21
MS_Grafico B - Puntilla,37,V1,0.023574,-0.882213,0,20
MS_Grafico B - Puntilla,39,V0,0.0414,-0.824944,0,11
MS_Grafico B - Puntilla,41,V1,0.096736,-0.164454,0,19
MS_Grafico B - Puntilla,43,V1,0.064555,-0.480172,0,17
MS_Grafico B - Puntilla,45,V1,0.064555,-0.480172,0,17
MS_Grafico B - Puntilla,47,V1,0.104442,-0.088863,0,13
MS_Grafico B - Puntilla,49,V0,0.199065,-0.233502,0,5
MS_Grafico B - Puntilla,51,V1,0.064227,-0.483389,0,9
MS_Grafico B - Puntilla,53,V1,0.124475,0.107678,0,9
MS_Grafico B - Puntilla,55,V1,0.126807,0.130552,0,9
MS_Grafico B - Puntilla,57,V1,0.01951,-0.922087,0,21
MS_Grafico B - Puntilla,59,V1,0.020764,-0.909784,0,21
MS_Grafico B - Puntilla,61,V1,0.03868,-0.734019,0,21
MS_Grafico B - Puntilla,63,V1,0.065033,-0.475482,0,18
MS_Grafico B - Puntilla,65,V1,0.035548,-0.764743,0,21
MS_Grafico B - Puntilla,67,V1,0.020764,-0.909784,0,21
MS_Grafico B - Puntilla,69,V0,0.159714,-0.381119,0,16
MS_Grafico B - Puntilla,71,V1,0.052143,-0.601939,0,20
MS_Grafico B - Puntilla,73,V1,0.04762,-0.646306,0,32
MS_Adolbert,1,V0,0.155922,-0.395343,0,2
MS_Adolbert,3,V1,0.129326,0.155269,0,4
MS_Adolbert,5,V1,0.033095,-0.788804,0,4
MS_Adolbert,7,V1,0.100033,-0.132112,0,7
MS_Adolbert,9,V1,0.16764,0.531146,0,6
MS_Adolbert,11,V1,0.16764,0.531146,0,6
MS_Adolbert,13,V1,0.096242,-0.169305,0,6
MS_Adolbert,15,V1,0.096242,-0.169305,0,6
MS_Adolbert,17,V1,0.092694,-0.204117,0,7
MS_Adolbert,18,V0,0.102363,-0.596258,0,15
MS_Adolbert,19,V1,0.133634,0.197531,0,11
MS_Adolbert,21,V1,0.134437,0.205405,0,16
MS_Adolbert,23,V1,0.057463,-0.549747,0,15
MS_Adolbert,25,V1,0.130152,0.16337,0,15
MS_Adolbert,27,V1,0.099644,-0.135926,0,11
MS_Adolbert,29,V1,0.135343,0.214296,0,20
MS_Adolbert,31,V1,0.041267,-0.708636,0,27
MS_Adolbert,33,V0,0.035417,-0.847389,0,22
MS_Adolbert,35,V1,0.020278,-0.914547,0,14
MS_Adolbert,39,V1,0.071246,-0.414525,0,21
MS_Adolbert,41,V1,0.108615,-0.047923,0,16
MS_Adolbert,43,V1,0.032291,-0.796698,0,23
MS_Adolbert,45,V1,0.038344,-0.737314,0,32
MS_Margarita,3,V1,0.129326,0.155269,0,4
MS_Margarita,5,V1,0.121184,0.075393,0,5
MS_Margarita,7,V1,0.127754,0.139848,0,6
MS_Margarita,9,V1,0.13028,0.164622,0,8
MS_Margarita,11,V1,0.078267,-0.345648,0,10
MS_Margarita,13,V1,0.088742,-0.24288,0,7
MS_Margarita,15,V1,0.076006,-0.36783,0,10
MS_Margarita,17,V1,0.088742,-0.24288,0,7
MS_Margarita,19,V1,0.076006,-0.36783,0,10
MS_Margarita,21,V1,0.142507,0.284576,0,8
MS_Margarita,23,V1,0.02935,-0.825552,0,11
MS_Margarita,25,V1,0.095402,-0.177549,0,9
MS_Margarita,27,V0,0.048979,-0.796515,0,20
MS_Margarita,29,V0,0.073958,-0.70281,0,14
MS_Margarita,31,V1,0.048012,-0.642468,0,22
MS_Margarita,33,V1,0.050054,-0.622436,0,19
MS_Margarita,35,V1,0.060593,-0.519036,0,32
MS_Margarita,37,V1,0.0526,-0.597459,0,27
MS_Margarita,39,V1,0.08798,-0.250362,0,23
MS_Margarita,41,V1,0.094929,-0.182187,0,25
MS_Margarita,43,V0,0.110326,-0.566387,0,19
MS_Margarita,45,V1,0.082809,-0.301088,0,25
MS_Margarita,47,V0,0.131418,-0.487263,0,58
MS_Margarita,49,V0,0.515999,0.955396,0,74
MS_Margarita,51,V0,0.529657,1.006631,0,72
MS_Margarita,53,V0,0.110639,-0.565212,0,45
MS_Margarita,55,V0,0.116019,-0.545028,0,37
MS_Margarita,57,V1,0.101666,-0.116093,0,87
MS_Margarita,59,V0,0.877808,2.312638,1,1
MS_Margarita,61,V1,0.165203,0.507235,0,5
MS_Margarita,63,V1,0.375058,2.566015,1,4
MS_Margarita,65,V0,0.083546,-0.666844,0,13
MS_Margarita,67,V0,0.150146,-0.417012,0,7
MS_Margarita,69,V1,0.164347,0.498843,0,11
MS_Margarita,71,V1,0.036783,-0.752625,0,16
MS_Margarita,73,V1,0.136704,0.227651,0,9
MS_Margarita,75,V0,0.154716,-0.399866,0,11
MS_Margarita,77,V1,0.208306,0.930102,0,11
MS_Margarita,79,V1,0.036783,-0.752625,0,16
MS_Margarita,81,V0,0.054438,-0.776035,0,23
MS_Margarita,83,V0,0.070323,-0.716447,0,23
MS_Margarita,85,V0,0.087572,-0.65174,0,20
MS_Margarita,87,V0,0.092914,-0.631703,0,14
MS_Margarita,89,V0,0.09086,-0.639407,0,14
MS_Margarita,63,V1,0.375058,2.566015,1,2
MS_Margarita,65,V0,0.137115,-0.465894,0,6
MS_Margarita,67,V0,0.286343,0.093901,0,10
MS_Margarita,69,V0,0.14097,-0.45143,0,13
MS_Margarita,71,V1,0.035544,-0.764783,0,14
MS_Margarita,73,V1,0.057993,-0.544547,0,11
MS_Margarita,75,V1,0.142192,0.281489,0,8
MS_Margarita,77,V1,0.099693,-0.135447,0,7
MS_Margarita,79,V1,0.071698,-0.410088,0,6
MS_Margarita,81,V1,0.092698,-0.204068,0,6
MS_Margarita,83,V0,0.121763,-0.523484,0,8
MS_Margarita,85,V1,0.138349,0.243786,0,8
MS_Margarita,87,V1,0.138349,0.243786,0,8
MS_Margarita,89,V1,0.138349,0.243786,0,8
MS_Margarita,91,V1,0.138349,0.243786,0,8
MS_Margarita,93,V1,0.085978,-0.270004,0,8
MS_Margarita,95,V1,0.053856,-0.585135,0,9
MS_Margarita,97,V1,0.071698,-0.410088,0,6
MS_Margarita,99,V1,0.071698,-0.410088,0,6
MS_Margarita,101,V1,0.031632,-0.803161,0,10
MS_Margarita,103,V1,0.011037,-1.005212,0,14
MS_Margarita,105,V1,0.042176,-0.699723,0,16
MS_Margarita,107,V1,0.027685,-0.841878,0,24
MS_Margarita,109,V1,0.010005,-1.015336,0,24
MS_Margarita,111,V0,0.050872,-0.789412,0,18
MS_Margarita,113,V1,0.019311,-0.924034,0,14
MS_Margarita,115,V0,0.114936,-0.549093,0,10
MS_Plumitas,1,V0,0.155922,-0.395343,0,2
MS_Plumitas,3,V1,0.129326,0.155269,0,4
MS_Plumitas,5,V1,0.033095,-0.788804,0,4
MS_Plumitas,7,V1,0.087135,-0.258651,0,8
MS_Plumitas,9,V1,0.03688,-0.751677,0,8
MS_Plumitas,11,V0,0.134431,-0.475963,0,6
MS_Plumitas,13,V0,0.064515,-0.738235,0,11
MS_Plumitas,15,V0,0.134431,-0.475963,0,6
MS_Plumitas,17,V0,0.080517,-0.678206,0,6
MS_Plumitas,19,V0,0.105916,-0.582927,0,8
MS_Plumitas,21,V0,0.069769,-0.718525,0,11
MS_Plumitas,23,V0,0.107391,-0.577396,0,8
MS_Plumitas,25,V1,0.080412,-0.324607,0,13
MS_Plumitas,27,V1,0.021306,-0.904461,0,17
MS_Plumitas,29,V1,0.062932,-0.496094,0,14
MS_Plumitas,31,V1,0.026251,-0.855951,0,15
MS_Plumitas,33,V1,0.027385,-0.844828,0,25
MS_Plumitas,35,V1,0.132808,0.189429,0,26
MS_Plumitas,37,V1,0.097796,-0.154061,0,9
MS_Plumitas,39,V1,0.026599,-0.852539,0,24
MS_Plumitas,41,V1,0.045188,-0.670173,0,34
MS_Plumitas,43,V1,0.165771,0.512811,0,13
MS_Plumitas,45,V1,0.099567,-0.136684,0,28
MS_Plumitas,47,V1,0.105078,-0.082618,0,15
MS_Plumitas,49,V1,0.022612,-0.891647,0,31
MS_Plumitas,51,V1,0.199821,0.846852,0,10
MS_Puntilla3,1,V0,0.236428,-0.093346,0,9
MS_Puntilla3,3,V0,0.045793,-0.808465,0,23
MS_Puntilla3,5,V0,0.072528,-0.708174,0,37
MS_Puntilla3,7,V0,0.098497,-0.610759,0,15
MS_Puntilla3,9,V0,0.108531,-0.573118,0,27
MS_Puntilla3,11,V0,0.14259,-0.445356,0,18
MS_Puntilla3,13,V0,0.254096,-0.027066,0,22
MS_Puntilla3,15,V1,0.066164,-0.464384,0,11
MS_Mary-Luz,43,V1,0.076855,-0.359504,0,6
MS_Mary-Luz,45,V1,0.076855,-0.359504,0,6
MS_Mary-Luz,47,V1,0.164943,0.504683,0,12
MS_Mary-Luz,49,V1,0.035964,-0.760664,0,11
MS_Mary-Luz,51,V1,0.06552,-0.4707,0,10
MS_Mary-Luz,53,V1,0.111449,-0.020113,0,18
MS_Mary-Luz,55,V1,0.039295,-0.727984,0,16
MS_Mary-Luz,57,V1,0.021121,-0.906283,0,9
MS_Mary-Luz,59,V1,0.045105,-0.670982,0,19
MS_Mary-Luz,61,V1,0.078079,-0.34749,0,15
MS_Gafitas2,33,V0,0.189805,-0.268238,0,8
MS_Gafitas2,35,V0,0.08599,-0.657674,0,10
MS_Gafitas2,37,V1,0.015694,-0.959521,0,23
MS_Gafitas2,39,V1,0.033095,-0.788804,0,20
MS_Gafitas2,41,V0,0.142053,-0.447368,0,22
MS_Gafitas2,43,V1,0.069736,-0.429341,0,19
MS_Gafitas2,45,V0,0.050234,-0.791805,0,17
MS_Gafitas2,47,V1,0.097014,-0.161726,0,14
MS_Gafitas2,49,V1,0.038589,-0.734911,0,13
MS_Gafitas2,51,V0,0.082015,-0.672587,0,8
MS_Gafitas2,53,V1,0.035877,-0.761519,0,19
MS_Gafitas2,55,V0,0.080188,-0.679441,0,14
MS_Gafitas2,57,V0,0.106631,-0.580247,0,15
MS_Gafitas2,59,V0,0.081964,-0.672778,0,13
MS_Madreselva,1,V0,0.158561,-0.385444,0,3
MS_Madreselva,3,V1,0.108412,-0.04991,0,6
MS_Madreselva,5,V1,0.155535,0.412387,0,7
MS_Madreselva,7,V1,0.155535,0.412387,0,7
MS_Madreselva,9,V1,0.020074,-0.916555,0,14
MS_Madreselva,11,V1,0.099608,-0.136285,0,13
MS_Madreselva,13,V1,0.067311,-0.453128,0,12
MS_Madreselva,15,V1,0.067311,-0.453128,0,12
MS_Madreselva,17,V1,0.050799,-0.615121,0,11
MS_Madreselva,19,V1,0.160024,0.456432,0,9
MS_Madreselva,21,V1,0.126845,0.130925,0,7
MS_Madreselva,23,V0,0.069769,-0.718525,0,11
MS_Madreselva,25,V1,0.044919,-0.672808,0,17
MS_Madreselva,207,V0,0.080938,-0.676627,0,9
MS_Madreselva,209,V1,0.025233,-0.865939,0,10
MS_Madreselva,211,V1,0.025233,-0.865939,0,10
MS_Madreselva,213,V1,0.048592,-0.636777,0,11
MS_Madreselva,215,V1,0.025233,-0.865939,0,10
MS_Madreselva,217,V1,0.13158,0.177377,0,13
MS_Madreselva,219,V1,0.14022,0.262145,0,38
MS_Madreselva,221,V0,0.265579,0.016007,0,6
MS_Madreselva,223,V0,0.265579,0.016007,0,3
MS_Grafico 2,9,V1,0.168505,0.53963,0,5
MS_Grafico 2,11,V1,0.211453,0.960973,0,9
MS_Grafico 2,13,V1,0.096913,-0.162725,0,7
MS_Grafico 2,19,V1,0.129569,0.157654,0,10
MS_Grafico 2,21,V1,0.01999,-0.917372,0,10
MS_Grafico 2,23,V1,0.045559,-0.666534,0,13
MS_Grafico 2,25,V1,0.048141,-0.641199,0,10
MS_Grafico 2,27,V1,0.034319,-0.776799,0,16
MS_Grafico 2,29,V1,0.04674,-0.654948,0,25
MS_Grafico 2,31,V1,0.024645,-0.871707,0,14
MS_Grafico 2,33,V1,0.033893,-0.780983,0,17
MS_Grafico 2,35,V1,0.041414,-0.707194,0,28
MS_Grafico 2,37,V1,0.024124,-0.876817,0,29
MS_Grafico 2,39,V1,0.036012,-0.760188,0,32
MS_Grafico 2,41,V1,0.015818,-0.9583,0,19
MS_Grafico 2,43,V1,0.085978,-0.270004,0,16
MS_Grafico 2,45,V1,0.034214,-0.777834,0,25
MS_Grafico 2,47,V0,0.031184,-0.863267,0,10
MS_Grafico 2,49,V0,0.082795,-0.66966,0,8
MS_Grafico 2,51,V0,0.082795,-0.66966,0,8
MS_Grafico 2,53,V0,0.138971,-0.45893,0,4
MS_Grafico 2,55,V0,0.080517,-0.678206,0,6
MS_Grafico 2,57,V0,0.082554,-0.670566,0,8
MS_Grafico 2,59,V0,0.05185,-0.785745,0,10
MS_Grafico 2,61,V0,0.036716,-0.842514,0,17
MS_Grafico 2,63,V1,0.051065,-0.612511,0,22
MS_Grafico 2,65,V0,0.055961,-0.770323,0,13
MS_Grafico 2,67,V1,0.121731,0.080754,0,15
MS_Grafico 2,69,V0,0.12879,-0.49712,0,13
MS_Grafico 2,71,V0,0.145664,-0.433823,0,13
MS_Grafico 2,73,V0,0.070575,-0.715501,0,27
MS_Grafico 2,75,V0,0.129818,-0.493266,0,12
MS_Grafico 2,77,V1,0.056968,-0.554605,0,15
MS_Grafico 2,79,V1,0.062217,-0.503104,0,13
MS_Grafico 2,81,V1,0.109508,-0.039154,0,21
MS_Grafico 2,83,V1,0.012145,-0.99434,0,15
MS_Grafico 2,85,V1,0.127003,0.132475,0,14
MS_Luis,1,V1,0.606732,4.838853,1,1
MS_Luis,3,V0,0.253221,-0.030349,0,2
MS_Luis,5,V1,0.129326,0.155269,0,4
MS_Luis,7,V1,0.033095,-0.788804,0,4
MS_Luis,9,V0,0.108056,-0.574902,0,5
MS_Luis,11,V1,0.033095,-0.788804,0,4
MS_Luis,13,V1,0.033095,-0.788804,0,4
MS_Luis,15,V1,0.045271,-0.66935,0,10
MS_Luis,17,V1,0.079436,-0.334176,0,10
MS_Luis,19,V1,0.182093,0.672937,0,12
MS_Luis,21,V1,0.011351,-1.002126,0,9
MS_Luis,23,V1,0.058004,-0.544434,0,8
MS_Luis,25,V1,0.06986,-0.428129,0,15
MS_Luis,27,V1,0.022801,-0.889795,0,21
MS_Luis,29,V1,0.283352,1.666332,0,18
MS_Luis,31,V1,0.040913,-0.712112,0,21
MS_Luis,33,V1,0.024133,-0.876729,0,12
MS_Luis,35,V1,0.015532,-0.961107,0,28
MS_Luis,37,V1,0.014296,-0.973234,0,28
MS_Luis,39,V1,0.111271,-0.021859,0,30
MS_Luis,41,V1,0.069452,-0.432124,0,18
MS_Luis,43,V1,0.046538,-0.656929,0,16
MS_Luis,45,V1,0.01088,-1.006744,0,23
MS_Luis,47,V0,0.103448,-0.592185,0,26
MS_Luis,49,V1,0.252601,1.364655,0,21
MS_Luis,51,V1,0.032624,-0.793431,0,15
MS_Luis,53,V0,0.275438,0.052993,0,6
MS_Luis,55,V0,0.275438,0.052993,0,6
MS_Luis,57,V0,0.368293,0.401313,0,5
MS_Luis,59,V1,0.036472,-0.755678,0,11
MS_Luis,61,V1,0.073383,-0.393562,0,10
MS_Luis,63,V1,0.073383,-0.393562,0,10
MS_Luis,65,V1,0.017958,-0.937309,0,19
MS_Luis,67,V1,0.151902,0.37675,0,18
MS_Luis,69,V1,0.304135,1.870229,0,28
MS_Luis,71,V1,0.050871,-0.614421,0,23
MS_Luis,79,V1,0.578074,4.557704,1,3
MS_Luis,81,V1,0.064557,-0.480146,0,11
MS_Luis,83,V1,0.279709,1.630601,0,5
MS_Luis,85,V1,0.084656,-0.282968,0,11
MS_Luis,87,V1,0.200954,0.857975,0,7
MS_Luis,89,V1,0.091608,-0.214767,0,13
MS_Luis,91,V1,0.349565,2.315923,1,6
MS_Luis,93,V1,0.087585,-0.254238,0,11
MS_Luis,95,V1,0.612643,4.896847,1,4
MS_Luis,97,V1,0.158237,0.438893,0,75
MS_Luis,99,V1,0.299751,1.827216,0,56
MS_Luis,101,V1,0.371345,2.529592,1,24
MS_Luis,103,V1,0.111817,-0.016502,0,28
MS_Luis,105,V1,0.125741,0.120095,0,22
MS_Luis,107,V0,0.521749,0.976969,0,40
MS_Luis,109,V1,0.157559,0.432245,0,72
MS_Luis,111,V0,0.594777,1.250915,0,44
MS_Luis,113,V1,0.123443,0.097553,0,28
MS_Luis,115,V1,0.089148,-0.238896,0,24
MS_Luis,117,V1,0.024131,-0.876752,0,25
MS_Luis,119,V1,0.098573,-0.146434,0,20
MS_Luis,121,V1,0.149611,0.354274,0,26
MS_Luis,123,V1,0.090748,-0.223208,0,17
MS_Luis,125,V1,0.057019,-0.554104,0,19
MS_Luis,127,V1,0.121091,0.074478,0,17
MS_Luis,129,V1,0.026227,-0.856189,0,29
MS_Luis,131,V1,0.446218,3.264137,1,21
MS_Luis,133,V1,0.154002,0.39735,0,17
MS_Luis,135,V0,0.877808,2.312638,1,1
MS_Luis,137,V1,0.165203,0.507235,0,5
MS_Luis,139,V0,0.877808,2.312638,1,1
MS_La Puntilla,1,V1,0.035097,-0.769167,0,13
MS_La Puntilla,3,V0,0.043304,-0.817801,0,11
MS_La Puntilla,5,V1,0.218799,1.033037,0,5
MS_La Puntilla,7,V1,0.218222,1.027377,0,5
MS_La Puntilla,9,V1,0.305167,1.880357,0,5
MS_La Puntilla,11,V1,0.305167,1.880357,0,5
MS_La Puntilla,13,V1,0.305167,1.880357,0,5
MS_La Puntilla,15,V1,0.305167,1.880357,0,5
MS_La Puntilla,17,V1,0.43376,3.141917,1,5
MS_La Puntilla,19,V1,0.364033,2.457852,1,5
MS_La Puntilla,21,V1,0.218222,1.027377,0,5
MS_La Puntilla,23,V0,0.226874,-0.129185,0,8
MS_La Puntilla,25,V0,0.267701,0.023969,0,4
MS_La Puntilla,27,V1,0.122347,0.086803,0,8
MS_La Puntilla,29,V1,0.122347,0.086803,0,8
MS_La Puntilla,31,V1,0.122347,0.086803,0,8
MS_La Puntilla,33,V1,0.122347,0.086803,0,8
MS_La Puntilla,35,V1,0.122347,0.086803,0,8
MS_La Puntilla,37,V1,0.122347,0.086803,0,8
MS_La Puntilla,39,V1,0.122347,0.086803,0,8
MS_La Puntilla,41,V1,0.122347,0.086803,0,8
MS_La Puntilla,43,V1,0.122347,0.086803,0,8
MS_La Puntilla,45,V0,0.428664,0.627781,0,9
MS_La Puntilla,47,V1,0.123913,0.102164,0,7
MS_Morin,1,V1,0.16764,0.531146,0,6
MS_Morin,5,V0,0.240266,-0.078948,0,3
MS_Morin,9,V1,0.169293,0.547358,0,4
MS_Morin,11,V1,0.199082,0.839603,0,5
MS_Morin,13,V1,0.199082,0.839603,0,5
MS_Morin,15,V1,0.088742,-0.24288,0,7
MS_Morin,17,V1,0.080297,-0.325731,0,9
MS_Morin,19,V1,0.048957,-0.633189,0,16
MS_Morin,21,V1,0.254235,1.380685,0,20
MS_Morin,23,V1,0.074327,-0.384304,0,27
MS_Morin,25,V1,0.107812,-0.055793,0,12
MS_Morin,27,V1,0.299049,1.820328,0,15
MS_Morin,29,V1,0.049258,-0.630238,0,14
MS_Morin,31,V1,0.079077,-0.337702,0,25
MS_Morin,33,V1,0.050586,-0.617215,0,14
MS_Morin,35,V1,0.048141,-0.641199,0,10
MS_Morin,37,V1,0.052062,-0.60273,0,17
MS_Morin,39,V1,0.044387,-0.678024,0,21
MS_Morin,41,V1,0.04706,-0.651802,0,20
MS_Morin,43,V1,0.074563,-0.381988,0,19
MS_Morin,45,V1,0.15646,0.421459,0,16
MS_Morin,47,V1,0.11105,-0.024034,0,14
MS_Morin,49,V1,0.11105,-0.024034,0,14
MS_Morin,51,V1,0.11105,-0.024034,0,14
MS_Morin,53,V1,0.196341,0.812715,0,12
MS_Morin,55,V1,0.163162,0.487215,0,12
MS_Morin,57,V1,0.13214,0.182869,0,14
MS_Morin,59,V1,0.098804,-0.144169,0,14
MS_Morin,61,V1,0.044561,-0.676323,0,15
MS_Morin,63,V1,0.041751,-0.703891,0,19
MS_Morin,65,V1,0.017959,-0.9373,0,13
MS_Morin,67,V1,0.032826,-0.791446,0,13
MS_Morin,69,V0,0.02858,-0.873036,0,20
MS_Morin,71,V0,0.088058,-0.649917,0,23
MS_Celia 1,1,V1,0.305834,1.886898,0,2
MS_Celia 1,3,V0,0.171462,-0.337049,0,1
MS_Celia 1,5,V0,0.171462,-0.337049,0,1
MS_Celia 1,9,V1,0.205135,0.898988,0,10
MS_Celia 1,11,V0,0.178726,-0.309799,0,5
MS_Celia 1,13,V1,0.589136,4.666225,1,4
MS_Celia 1,15,V0,0.162654,-0.37009,0,25
MS_Celia 1,17,V1,0.338035,2.202807,1,5
MS_Celia 1,19,V0,0.360632,0.372578,0,5
MS_Celia 1,21,V0,0.883265,2.333108,1,3
MS_Celia 1,23,V0,0.276977,0.058765,0,6
MS_Celia 1,25,V0,0.611907,1.315174,0,30
MS_Celia 1,27,V0,0.260865,-0.001676,0,9
MS_Celia 1,29,V0,0.318435,0.214284,0,8
MS_Celia 1,31,V1,0.02044,-0.912961,0,17
MS_Celia 1,33,V1,0.030438,-0.814876,0,15
MS_Celia 1,35,V1,0.030438,-0.814876,0,15
MS_Celia 1,37,V0,0.189805,-0.268238,0,8
MS_Celia 1,39,V0,0.226581,-0.130283,0,8
MS_Celia 1,41,V1,0.027437,-0.844316,0,20
MS_Celia 1,43,V1,0.006034,-1.054292,0,20
MS_Celia 1,45,V1,0.038382,-0.736939,0,18
MS_Celia 1,47,V1,0.032127,-0.798302,0,12
MS_Celia 1,49,V1,0.09359,-0.195323,0,15
MS_Celia 1,51,V1,0.024481,-0.873316,0,27
MS_Celia 1,53,V1,0.029104,-0.827966,0,32
MS_Celia 1,55,V1,0.024843,-0.869761,0,32
MS_Celia 1,57,V1,0.093158,-0.199558,0,21
MS_Celia 1,59,V0,0.092812,-0.632086,0,21
MS_Celia 1,61,V0,0.044048,-0.815012,0,20
MS_Celia 1,63,V0,0.070811,-0.714615,0,15
MS_Celia 1,65,V0,0.090648,-0.640203,0,10
MS_Celia 1,67,V0,0.141766,-0.448447,0,5
MS_Celia 1,69,V0,0.106979,-0.57894,0,6
MS_Celia 1,71,V0,0.111601,-0.561604,0,6
MS_Celia 1,73,V0,0.111601,-0.561604,0,6
MS_Celia 1,75,V0,0.097303,-0.615238,0,6
MS_Celia 1,77,V0,0.097509,-0.614463,0,7
MS_Celia 1,79,V0,0.182565,-0.295399,0,5
MS_Celia 1,81,V0,0.229665,-0.118714,0,4
MS_Celia 1,83,V0,0.117356,-0.540012,0,9
MS_Celia 1,85,V0,0.209445,-0.194563,0,4
MS_Celia 1,87,V0,0.117356,-0.540012,0,9
MS_Celia 1,89,V0,0.209445,-0.194563,0,4
MS_Celia 1,91,V0,0.117356,-0.540012,0,9
MS_Celia 1,93,V0,0.209445,-0.194563,0,4
MS_Celia 1,95,V0,0.127904,-0.500445,0,9
MS_Celia 1,97,V0,0.209445,-0.194563,0,4
MS_Celia 1,99,V0,0.117356,-0.540012,0,9
MS_Celia 1,101,V0,0.209445,-0.194563,0,4
MS_Celia 1,103,V1,0.115934,0.023881,0,12
MS_Celia 1,105,V1,0.176918,0.622163,0,6
MS_Celia 1,107,V1,0.152318,0.380832,0,8
MS_Celia 2,1,V1,0.305834,1.886898,0,2
MS_Celia 2,3,V0,0.171462,-0.337049,0,1
MS_Celia 2,7,V1,0.279681,1.63032,0,3
MS_Celia 2,9,V1,0.135873,0.219491,0,5
MS_Celia 2,11,V1,0.192853,0.778496,0,4
MS_Celia 2,13,V0,0.178726,-0.309799,0,5
MS_Celia 2,15,V1,0.15952,0.451488,0,24
MS_Celia 2,17,V0,0.698008,1.638159,0,25
MS_Celia 2,19,V0,0.164698,-0.362423,0,8
MS_Celia 2,21,V0,0.547598,1.073935,0,7
MS_Celia 2,23,V1,0.030438,-0.814876,0,15
MS_Celia 2,25,V1,0.030438,-0.814876,0,15
MS_Celia 2,27,V0,0.118988,-0.533892,0,8
MS_Celia 2,29,V0,0.255472,-0.021905,0,8
MS_Celia 2,31,V1,0.006034,-1.054292,0,20
MS_Celia 2,33,V1,0.033095,-0.788804,0,16
MS_Celia 2,35,V1,0.027545,-0.843254,0,13
MS_Celia 2,37,V1,0.062932,-0.496094,0,14
MS_Celia 2,39,V1,0.080412,-0.324601,0,18
MS_Celia 2,41,V1,0.032508,-0.79457,0,14
MS_Celia 2,43,V1,0.088443,-0.245816,0,15
MS_Celia 2,45,V0,0.061493,-0.749569,0,7
MS_Celia 2,47,V0,0.141766,-0.448447,0,5
MS_Celia 2,49,V0,0.107817,-0.575797,0,6
MS_Celia 2,51,V0,0.106914,-0.579184,0,6
MS_Celia 2,53,V1,0.128812,0.150227,0,6
MS_Celia 2,55,V0,0.224314,-0.138786,0,4
MS_Celia 2,57,V0,0.238721,-0.084744,0,7
MS_Celia 2,59,V0,0.224314,-0.138786,0,4
MS_Celia 2,61,V1,0.117925,0.043417,0,11
MS_Celia 2,63,V1,0.18186,0.670647,0,6
MS_Celia 2,65,V1,0.166528,0.520233,0,7
MS_Cacus,1,V0,0.155922,-0.395343,0,4
MS_Cacus,3,V0,0.095625,-0.621534,0,6
MS_Cacus,5,V0,0.068443,-0.723497,0,7
MS_Cacus,7,V0,0.068443,-0.723497,0,7
MS_Cacus,9,V1,0.129972,0.161601,0,14
MS_Cacus,11,V0,0.103614,-0.591562,0,5
MS_Cacus,13,V1,0.021306,-0.904461,0,17
MS_Cacus,15,V1,0.11906,0.054555,0,45
MS_Cacus,17,V0,0.068735,-0.722402,0,14
MS_Cacus,19,V1,0.130442,0.166211,0,22
MS_Cacus,21,V1,0.060935,-0.515687,0,21
MS_Cacus,23,V1,0.053856,-0.585135,0,18
MS_Cacus,1,V0,0.301927,0.152359,0,3
MS_Cacus,3,V1,0.191082,0.761125,0,5
MS_Cacus,5,V1,0.027434,-0.844346,0,13
MS_Cacus,7,V1,0.020331,-0.914034,0,17
MS_Cacus,9,V1,0.130013,0.162004,0,29
MS_Cacus,11,V1,0.097855,-0.153484,0,53
MS_Cacus,13,V1,0.031632,-0.803161,0,20
MS_Cacus,15,V1,0.128118,0.143416,0,43
MS_Cacus,17,V1,0.054649,-0.577351,0,40
MS_Cacus,19,V1,0.064859,-0.477183,0,30
MS_Pino,3,V0,0.155922,-0.395343,0,2
MS_Pino,5,V1,0.129326,0.155269,0,4
MS_Pino,7,V1,0.033095,-0.788804,0,4
MS_Pino,9,V1,0.087135,-0.258651,0,8
MS_Pino,11,V1,0.03688,-0.751677,0,8
MS_Pino,13,V0,0.134431,-0.475963,0,6
MS_Pino,15,V1,0.128812,0.150227,0,6
MS_Pino,17,V0,0.134431,-0.475963,0,6
MS_Pino,19,V1,0.128812,0.150227,0,6
MS_Pino,21,V0,0.081814,-0.67334,0,8
MS_Pino,23,V1,0.128812,0.150227,0,6
MS_Pino,25,V0,0.047161,-0.803331,0,11
MS_Pino,27,V1,0.052307,-0.600331,0,16
MS_Pino,29,V1,0.066352,-0.462537,0,11
MS_Pino,31,V1,0.04531,-0.668972,0,19
MS_Pino,33,V0,0.079335,-0.682641,0,12
MS_Pino,35,V0,0.069977,-0.717744,0,12
MS_Pino,37,V0,0.069505,-0.719513,0,12
MS_Pino,39,V1,0.149479,0.352975,0,8
MS_Pino,41,V0,0.046567,-0.805561,0,6
MS_Pino,43,V1,0.128812,0.150227,0,6
MS_Pino,45,V0,0.046567,-0.805561,0,6
MS_Pino,47,V1,0.128812,0.150227,0,6
MS_Pino,49,V0,0.034706,-0.850054,0,16
MS_Pino,51,V1,0.020682,-0.91059,0,13
MS_Pino,53,V0,0.147993,-0.425087,0,10
MS_Pino,55,V1,0.017248,-0.944278,0,22
MS_Pino,57,V1,0.051823,-0.605076,0,17
MS_Pino,59,V1,0.258605,1.423552,0,25
MS_Pino,61,V1,0.416605,2.973618,1,20
MS_Pino,63,V1,0.423841,3.044604,1,20
MS_Pino,65,V1,0.398786,2.798799,1,22
MS_Pino,67,V1,0.264219,1.478631,0,14
MS_Pino,69,V1,0.168772,0.542247,0,7
MS_Pino,71,V1,0.086193,-0.267892,0,11
MS_Pino,73,V1,0.235893,1.200736,0,6
MS_Pino,75,V1,0.142182,0.281386,0,4
MS_Pino,77,V1,0.228216,1.125423,0,6
MS_Pino,79,V1,0.228216,1.125423,0,6
MS_Pino,81,V1,0.235893,1.200736,0,6
MS_Pino,83,V1,0.142182,0.281386,0,4
MS_Pino,85,V1,0.377799,2.592912,1,5
MS_Pino,87,V1,0.228216,1.125423,0,6
MS_Pino,89,V1,0.142182,0.281386,0,4
MS_Pino,91,V1,0.080078,-0.327883,0,6
MS_Pino,93,V1,0.147221,0.330828,0,10
MS_Pino,95,V1,0.358458,2.403167,1,6
MS_Pino,97,V1,0.147221,0.330828,0,10
MS_Pino,99,V1,0.092354,-0.207447,0,19
MS_Pino,101,V0,0.058837,-0.759534,0,19
MS_Pino,103,V0,0.058837,-0.759534,0,19
MS_Pino,105,V0,0.058072,-0.762405,0,19
MS_Pino,107,V0,0.058837,-0.759534,0,19
MS_Pino,109,V1,0.123137,0.094547,0,9
MS_Pino,111,V1,0.126495,0.127496,0,9
MS_Pino,113,V1,0.329729,2.121322,1,12
MS_Pino,115,V1,0.123058,0.093776,0,8
MS_Pino,117,V0,0.355926,0.354924,0,4
MS_Pino,119,V0,0.365244,0.389878,0,3
MS_Pino,121,V1,0.247346,1.313099,0,4
MS_Pino,123,V1,0.195253,0.802042,0,5
MS_Pino,125,V1,0.195253,0.802042,0,5
MS_Pino,127,V1,0.195253,0.802042,0,5
MS_Pino,129,V0,0.042112,-0.822272,0,31
MS_Pino,131,V1,0.069122,-0.435361,0,33
MS_Pino,133,V1,0.032895,-0.790771,0,37
MS_Pino,135,V1,0.033109,-0.788672,0,41
MS_Pino,137,V1,0.01901,-0.926992,0,20
MS_Fajas,1,V1,0.305834,1.886898,0,2
MS_Fajas,3,V1,0.606732,4.838853,1,1
MS_Fajas,7,V1,0.173925,0.592808,0,7
MS_Fajas,9,V1,0.071698,-0.410088,0,6
MS_Fajas,11,V1,0.022722,-0.890576,0,8
MS_Fajas,13,V1,0.029251,-0.826519,0,7
MS_Fajas,15,V1,0.033095,-0.788804,0,4
MS_Fajas,17,V1,0.398774,2.798688,1,3
MS_Fajas,19,V0,0.31971,0.219069,0,3
MS_Fajas,21,V1,0.024482,-0.873301,0,15
MS_Fajas,23,V0,0.122439,-0.520944,0,8
MS_Fajas,25,V0,0.314994,0.201376,0,10
MS_Fajas,27,V1,0.03355,-0.784348,0,20
MS_Fajas,29,V1,0.055696,-0.567079,0,14
MS_Fajas,31,V0,0.06232,-0.746467,0,15
MS_Fajas,33,V1,0.026725,-0.851304,0,14
MS_Fajas,35,V1,0.050972,-0.613425,0,11
MS_Fajas,37,V1,0.051835,-0.604961,0,11
MS_Fajas,39,V0,0.075434,-0.697272,0,11
MS_Fajas,41,V0,0.075434,-0.697272,0,11
MS_Fajas,43,V1,0.013726,-0.978831,0,13
